taxon_id,subtype,country,country_name,region,year,date_decimal,era,sdrm_count,sdrm_list,ambig_fraction,gap_fraction,is_anchor
A1.UG.1986.2034.-.-.OP039384,A1,UG,Uganda,Sub-Saharan Africa,1986,1986.5,Pre-HAART (1978-1995),0,,0.0,0.0,True
A1.CD.1987.PBS6126.-.-.MH705153,A1,CD,DR Congo,Sub-Saharan Africa,1987,1987.5,Pre-HAART (1978-1995),0,,0.0,0.0,True
A1.CD.1987.2106.-.-.MH705158,A1,CD,DR Congo,Sub-Saharan Africa,1987,1987.5,Pre-HAART (1978-1995),0,,0.0006184291898577613,0.0,True
A1.SE.1995.SE8891.SE8891.144.AF069673,A1,SE,Sweden,Western Europe,1995,1995.5,Pre-HAART (1978-1995),0,,0.0,0.009894867037724181,True
A1.IN.1999.NARI-FLS_VB81-4.VB81.81780.KT152843,A1,IN,India,Asia-Pacific,1999,1999.5,Early HAART (1996-2001),0,,0.0,0.0,True
A1.KE.2000.KER2008.KER2008.4232.AF457052,A1,KE,Kenya,Sub-Saharan Africa,2000,2000.5,Early HAART (1996-2001),0,,0.0,0.0,True
A1.ZA.2000.TV096.TV096.27754.KJ948658,A1,ZA,South Africa,Sub-Saharan Africa,2000,2000.5,Early HAART (1996-2001),0,,0.0012368583797155227,0.0,True
A1.CD.2002.LA01AlPr.AlPr.87933.KU168256,A1,CD,DR Congo,Sub-Saharan Africa,2002,2002.5,Boosted PI / NNRTI (2002-2007),1,RT_184V,0.0,0.0,True
A1.TZ.2004.CO0272V4.272.100923.KX907336,A1,TZ,Tanzania,Sub-Saharan Africa,2004,2004.5,Boosted PI / NNRTI (2002-2007),0,,0.0,0.0,True
A1.CY.2005.CY064.CY064.32484.FJ388909,A1,CY,Cyprus,Western Europe,2005,2005.5,Boosted PI / NNRTI (2002-2007),0,,0.0,0.0,True
A1.CY.2005.CY153.CY153.29285.FJ388942,A1,CY,Cyprus,Western Europe,2005,2005.5,Boosted PI / NNRTI (2002-2007),0,,0.0,0.0,True
A1.RW.2005.R53F_175005_2.53F.51637.MT942708,A1,RW,Rwanda,Sub-Saharan Africa,2005,2005.5,Boosted PI / NNRTI (2002-2007),0,,0.0,0.0,True
A1.RW.2005.R49M_175019_1.R49M.118686.MT942764,A1,RW,Rwanda,Sub-Saharan Africa,2005,2005.5,Boosted PI / NNRTI (2002-2007),0,,0.0,0.0,True
A1.RW.2006.DEMA106RW003.R59M.99513.KU749423,A1,RW,Rwanda,Sub-Saharan Africa,2006,2006.5,Boosted PI / NNRTI (2002-2007),0,,0.0,0.0,True
A1.CM.2006.06CMLPH19C17.LPH19.35515.MN153491,A1,CM,Cameroon,Sub-Saharan Africa,2006,2006.5,Boosted PI / NNRTI (2002-2007),0,,0.0,0.0018552875695732839,True
A1.CM.2008.886-24.886_24.89964.KP718928,A1,CM,Cameroon,Sub-Saharan Africa,2008,2008.5,Modern Once-Daily (2008-2014),0,,0.0,0.0,True
A1.BG.2009.V_09_017.-.-.MH746253,A1,BG,BG,Other,2009,2009.5,Modern Once-Daily (2008-2014),0,,0.0,0.0,True
A1.BG.2009.V_09_007.-.-.MH746259,A1,BG,BG,Other,2009,2009.5,Modern Once-Daily (2008-2014),0,,0.0,0.0,True
A1.CM.2011.11CMMDC241.-.-.MT349418,A1,CM,Cameroon,Sub-Saharan Africa,2011,2011.5,Modern Once-Daily (2008-2014),0,,0.0,0.0,True
A1.SE.2012.064GR.pt064.104852.MF373167,A1,SE,Sweden,Western Europe,2012,2012.5,Modern Once-Daily (2008-2014),0,,0.0,0.0,True
A1.SE.2012.065SE.pt065.104818.MF373168,A1,SE,Sweden,Western Europe,2012,2012.5,Modern Once-Daily (2008-2014),0,,0.0,0.0,True
A1.PK.2014.PK007.PK007.101860.KX232600,A1,PK,PK,Other,2014,2014.5,Modern Once-Daily (2008-2014),0,,0.0006184291898577613,0.0,True
A1.PK.2014.PK016.PK016.101854.KX232609,A1,PK,PK,Other,2014,2014.5,Modern Once-Daily (2008-2014),0,,0.0,0.0,True
A1.GB.2014.14727_1_62.3.-.-.MF109623,A1,GB,United Kingdom,Western Europe,2014,2014.5,Modern Once-Daily (2008-2014),0,,0.0,0.0,True
A1.ES.2015.100_117.EUR0066.102209.KY496622,A1,ES,Spain,Western Europe,2015,2015.5,Universal Treat-All (2015-2023),0,,0.0,0.0,True
A6.GE.1999.99GEMZ011.99GEMZ011.11228.DQ207944,A6,GE,Georgia,Eastern Europe & Central Asia,1999,1999.5,Early HAART (1996-2001),0,,0.0,0.0,True
A6.UA.2000.98UA0116.UA0116.4716.AF413987,A6,UA,Ukraine,Eastern Europe & Central Asia,2000,2000.5,Early HAART (1996-2001),0,,0.0,0.0,True
A6.RU.2000.RU00051.RU00051.23833.EF545108,A6,RU,Russia,Eastern Europe & Central Asia,2000,2000.5,Early HAART (1996-2001),0,,0.0018552875695732839,0.0,True
A6.UA.2001.01UAPol294.Pol294.13322.DQ823356,A6,UA,Ukraine,Eastern Europe & Central Asia,2001,2001.5,Early HAART (1996-2001),0,,0.0,0.0,True
A6.UA.2001.01UADN139.DN139.13321.DQ823357,A6,UA,Ukraine,Eastern Europe & Central Asia,2001,2001.5,Early HAART (1996-2001),0,,0.0,0.0,True
A6.UA.2001.01UAOD10.OD10.13328.DQ823365,A6,UA,Ukraine,Eastern Europe & Central Asia,2001,2001.5,Early HAART (1996-2001),0,,0.0,0.0,True
A6.UA.2001.01UAOD35.OD35.13329.DQ823366,A6,UA,Ukraine,Eastern Europe & Central Asia,2001,2001.5,Early HAART (1996-2001),0,,0.0,0.0,True
A6.UZ.2002.02UZ652.652.4750.AY829203,A6,UZ,UZ,Other,2002,2002.5,Boosted PI / NNRTI (2002-2007),0,,0.0,0.0,True
A6.KZ.2002.02KZKAR300435.300435.22029.EF589042,A6,KZ,KZ,Other,2002,2002.5,Boosted PI / NNRTI (2002-2007),0,,0.0,0.0,True
A6.IT.2002.60000.60000.29928.EU861977,A6,IT,Italy,Western Europe,2002,2002.5,Boosted PI / NNRTI (2002-2007),0,,0.01422387136672851,0.0,True
A6.CY.2005.CY057.CY057.29282.FJ388906,A6,CY,Cyprus,Western Europe,2005,2005.5,Boosted PI / NNRTI (2002-2007),0,,0.0,0.0,True
A6.CY.2006.CY171.CY171.29308.FJ388950,A6,CY,Cyprus,Western Europe,2006,2006.5,Boosted PI / NNRTI (2002-2007),0,,0.0,0.0,True
A6.CY.2006.CY173.CY173.29318.FJ388951,A6,CY,Cyprus,Western Europe,2006,2006.5,Boosted PI / NNRTI (2002-2007),0,,0.0,0.0,True
A6.RU.2006.RU_915_1016.1016.36940.JQ292896,A6,RU,Russia,Eastern Europe & Central Asia,2006,2006.5,Boosted PI / NNRTI (2002-2007),0,,0.0055658627087198514,0.0,True
A6.RU.2006.RU_915_1035.1035.36930.JQ292897,A6,RU,Russia,Eastern Europe & Central Asia,2006,2006.5,Boosted PI / NNRTI (2002-2007),0,,0.0006184291898577613,0.0,True
A6.RU.2006.RU_915_1038.1038.36932.JQ292898,A6,RU,Russia,Eastern Europe & Central Asia,2006,2006.5,Boosted PI / NNRTI (2002-2007),0,,0.004947433518862091,0.0,True
A6.RU.2006.RU_915_1041.1041.36934.JQ292899,A6,RU,Russia,Eastern Europe & Central Asia,2006,2006.5,Boosted PI / NNRTI (2002-2007),0,,0.0018552875695732839,0.0,True
A6.CY.2008.CY231.CY231.40238.JF683780,A6,CY,Cyprus,Western Europe,2008,2008.5,Modern Once-Daily (2008-2014),0,,0.0,0.0,True
A6.CY.2009.CY255.CY255.40259.JF683798,A6,CY,Cyprus,Western Europe,2009,2009.5,Modern Once-Daily (2008-2014),0,,0.011131725417439703,0.0,True
A6.SI.2009.Sample25_SI209.-.-.MN736699,A6,SI,Slovenia,Eastern Europe & Central Asia,2009,2009.5,Modern Once-Daily (2008-2014),0,,0.0,0.0,True
A6.BY.2013.PV85.PV85.87418.KT983615,A6,BY,Belarus,Eastern Europe & Central Asia,2013,2013.5,Modern Once-Daily (2008-2014),0,,0.0,0.0,True
A6.GB.2013.15228_1_59.3.-.-.MF109697,A6,GB,United Kingdom,Western Europe,2013,2013.5,Modern Once-Daily (2008-2014),0,,0.0,0.0,True
A6.BE.2014.AG.-.-.MN485977,A6,BE,Belgium,Western Europe,2014,2014.5,Modern Once-Daily (2008-2014),0,,0.004329004329004329,0.0,True
A6.CY.2017.CY401.-.-.ON989220,A6,CY,Cyprus,Western Europe,2017,2017.5,Universal Treat-All (2015-2023),0,,0.0006184291898577613,0.0,True
A6.CY.2018.CY543.-.-.ON989294,A6,CY,Cyprus,Western Europe,2018,2018.5,Universal Treat-All (2015-2023),0,,0.0006184291898577613,0.0,True
B.US.1978.SF4.SF4.99378.KJ704795,B,US,United States,North America,1978,1978.5,Pre-HAART (1978-1995),0,,0.0006184291898577613,0.0,True
B.AR.2000.86218FL_2000.86218.110814.KY968404,B,AR,Argentina,Latin America & Caribbean,2000,2000.5,Early HAART (1996-2001),0,,0.0,0.0,True
B.TT.2000.00TT_CRC50018.50018.30041.EU839607,B,TT,Trinidad and Tobago,Latin America & Caribbean,2000,2000.5,Early HAART (1996-2001),0,,0.0018552875695732839,0.0,True
B.CO.2001.PCM074.PCM074.4632.AY561240,B,CO,Colombia,Latin America & Caribbean,2001,2001.5,Early HAART (1996-2001),0,,0.0024737167594310453,0.0024737167594310453,True
B.TT.2001.01TT_CRC50069.50069.30044.EU839608,B,TT,Trinidad and Tobago,Latin America & Caribbean,2001,2001.5,Early HAART (1996-2001),0,,0.0037105751391465678,0.0,True
B.CH.2001.HIV_CH_BID-V3531_2001.-.-.JQ403024,B,CH,Switzerland,Western Europe,2001,2001.5,Early HAART (1996-2001),0,,0.0,0.0,True
B.-.2002.LA04GuFu.GuFu.87922.KU168259,B,-,-,Other,2002,2002.5,Boosted PI / NNRTI (2002-2007),11,PR_54V;PR_73S;PR_82F;PR_84V;PR_90M;RT_41L;RT_67N;RT_69D;RT_184V;RT_210W;RT_215Y,0.0,0.0,True
B.BR.2002.02BR1002.1002.104090.JN692431,B,BR,Brazil,Latin America & Caribbean,2002,2002.5,Boosted PI / NNRTI (2002-2007),0,,0.0,0.0,True
B.BR.2002.02BR1013.1013.104112.JN692432,B,BR,Brazil,Latin America & Caribbean,2002,2002.5,Boosted PI / NNRTI (2002-2007),0,,0.0,0.0,True
B.BR.2002.02BR2032.2032.104134.JN692439,B,BR,Brazil,Latin America & Caribbean,2002,2002.5,Boosted PI / NNRTI (2002-2007),0,,0.0,0.0,True
B.CH.2002.HIV_CH_BID-V3511_2002.-.-.JQ403019,B,CH,Switzerland,Western Europe,2002,2002.5,Boosted PI / NNRTI (2002-2007),0,,0.0,0.0,True
B.-.2003.LA05MeAl.MeAl.87945.KU168260,B,-,-,Other,2003,2003.5,Boosted PI / NNRTI (2002-2007),13,PR_32I;PR_47V;PR_54M;PR_82M;PR_90M;RT_41L;RT_67N;RT_74I;RT_210W;RT_215Y;RT_219N;RT_100I;RT_103N,0.0,0.0,True
B.ZA.2003.03ZAPS045MB2.045MB.29767.DQ396398,B,ZA,South Africa,Sub-Saharan Africa,2003,2003.5,Boosted PI / NNRTI (2002-2007),0,,0.0,0.0,True
B.RU.2004.04RU139089.139089.14402.AY751407,B,RU,Russia,Eastern Europe & Central Asia,2004,2004.5,Boosted PI / NNRTI (2002-2007),0,,0.0,0.0,True
B.JP.2005.DR7065.-.-.AB287368,B,JP,Japan,Asia-Pacific,2005,2005.5,Boosted PI / NNRTI (2002-2007),0,,0.0,0.0,True
B.DO.2005.05DO_162387.162387.30040.EU839596,B,DO,Dominican Republic,Latin America & Caribbean,2005,2005.5,Boosted PI / NNRTI (2002-2007),0,,0.006184291898577613,0.0,True
B.DO.2005.05DO_163007.163007.30048.EU839598,B,DO,Dominican Republic,Latin America & Caribbean,2005,2005.5,Boosted PI / NNRTI (2002-2007),0,,0.0024737167594310453,0.0,True
B.HT.2005.05HT_129696.129696.30037.EU839601,B,HT,Haiti,Latin America & Caribbean,2005,2005.5,Boosted PI / NNRTI (2002-2007),0,,0.00927643784786642,0.0,True
B.HT.2005.05HT_129805.129805.30049.EU839604,B,HT,Haiti,Latin America & Caribbean,2005,2005.5,Boosted PI / NNRTI (2002-2007),0,,0.010513296227581941,0.0,True
B.JM.2005.05JM_KJ108.KJ108.30047.EU839605,B,JM,Jamaica,Latin America & Caribbean,2005,2005.5,Boosted PI / NNRTI (2002-2007),0,,0.004329004329004329,0.0,True
B.CY.2005.CY032.CY032.32489.FJ388898,B,CY,Cyprus,Western Europe,2005,2005.5,Boosted PI / NNRTI (2002-2007),0,,0.0,0.0,True
B.CY.2005.CY055.CY055.32503.FJ388904,B,CY,Cyprus,Western Europe,2005,2005.5,Boosted PI / NNRTI (2002-2007),0,,0.0,0.0,True
B.CY.2005.CY072.CY072.32521.FJ388914,B,CY,Cyprus,Western Europe,2005,2005.5,Boosted PI / NNRTI (2002-2007),0,,0.0,0.0,True
B.ES.2006.R14.R14.82804.KT200350,B,ES,Spain,Western Europe,2006,2006.5,Boosted PI / NNRTI (2002-2007),0,,0.0,0.0,True
B.PE.2006.502_0524_FL04.502-0524.39741.JF320008,B,PE,Peru,Latin America & Caribbean,2006,2006.5,Boosted PI / NNRTI (2002-2007),0,,0.0,0.0,True
B.PE.2006.502_0491_wg5.502-0491.39708.JF320183,B,PE,Peru,Latin America & Caribbean,2006,2006.5,Boosted PI / NNRTI (2002-2007),0,,0.0012368583797155227,0.0018552875695732839,True
B.PE.2006.502_0841_FL03.502-0841.39753.JF320196,B,PE,Peru,Latin America & Caribbean,2006,2006.5,Boosted PI / NNRTI (2002-2007),0,,0.0,0.0,True
B.PE.2007.502_1399_wg6.502-1399.39713.JF320012,B,PE,Peru,Latin America & Caribbean,2007,2007.5,Boosted PI / NNRTI (2002-2007),0,,0.0,0.0,True
B.PE.2007.502_2254_FL6.502-2254.39754.JF320018,B,PE,Peru,Latin America & Caribbean,2007,2007.5,Boosted PI / NNRTI (2002-2007),0,,0.0,0.0,True
B.SE.2008.028SE.pt028.104861.MF373142,B,SE,Sweden,Western Europe,2008,2008.5,Modern Once-Daily (2008-2014),0,,0.0,0.0,True
B.BG.2008.P_08_004.-.-.MH746265,B,BG,BG,Other,2008,2008.5,Modern Once-Daily (2008-2014),1,RT_41L,0.0,0.0,True
B.BG.2008.P_08_001.-.-.MH746266,B,BG,BG,Other,2008,2008.5,Modern Once-Daily (2008-2014),0,,0.0,0.0,True
B.BG.2009.V_09_013.-.-.MH746254,B,BG,BG,Other,2009,2009.5,Modern Once-Daily (2008-2014),0,,0.0,0.0,True
B.RU.2009.09RU4457.4457.53208.JX500709,B,RU,Russia,Eastern Europe & Central Asia,2009,2009.5,Modern Once-Daily (2008-2014),0,,0.0,0.0,True
B.FR.2009.DEMB09FR001.H474.61396.KF716494,B,FR,France,Western Europe,2009,2009.5,Modern Once-Daily (2008-2014),0,,0.0,0.0,True
B.ZA.2009.DEMB09ZA022.DE09ZA022.78294.KP109515,B,ZA,South Africa,Sub-Saharan Africa,2009,2009.5,Modern Once-Daily (2008-2014),3,RT_67N;RT_219Q;RT_103N,0.0,0.0,True
B.-.2010.DEURF10HA002.-.-.KY658703,B,-,-,Other,2010,2010.5,Modern Once-Daily (2008-2014),0,,0.0,0.0,True
B.RU.2010.10RU6629.6629.53199.JX500707,B,RU,Russia,Eastern Europe & Central Asia,2010,2010.5,Modern Once-Daily (2008-2014),0,,0.0,0.0,True
B.DO.2011.DEMB11DR001.144207327.102650.KY658702,B,DO,Dominican Republic,Latin America & Caribbean,2011,2011.5,Modern Once-Daily (2008-2014),1,RT_103S,0.0,0.0,True
B.HT.2011.DEURF11HT001.141200627.112642.MH078551,B,HT,Haiti,Latin America & Caribbean,2011,2011.5,Modern Once-Daily (2008-2014),0,,0.0,0.0,True
B.JP.2012.DEMB12JP001.12017.61363.KF716498,B,JP,Japan,Asia-Pacific,2012,2012.5,Modern Once-Daily (2008-2014),0,,0.0,0.0,True
B.BE.2013.AB.-.-.MN485972,B,BE,Belgium,Western Europe,2013,2013.5,Modern Once-Daily (2008-2014),0,,0.0012368583797155227,0.0,True
B.SI.2013.Sample43_SI378.-.-.MN736704,B,SI,Slovenia,Eastern Europe & Central Asia,2013,2013.5,Modern Once-Daily (2008-2014),0,,0.0,0.0,True
B.CU.2014.14CU005.-.-.KR914676,B,CU,Cuba,Latin America & Caribbean,2014,2014.5,Modern Once-Daily (2008-2014),0,,0.0006184291898577613,0.0,True
B.GW.2014.DEMB14GW004.7053.112641.MH078546,B,GW,GW,Other,2014,2014.5,Modern Once-Daily (2008-2014),1,RT_190A,0.0,0.0,True
B.ID.2014.PB4.-.-.MK303347,B,ID,ID,Other,2014,2014.5,Modern Once-Daily (2008-2014),0,,0.0,0.0,True
B.ID.2014.PB12.-.-.MK303348,B,ID,ID,Other,2014,2014.5,Modern Once-Daily (2008-2014),0,,0.0,0.0,True
B.ID.2014.PB27.-.-.MK303349,B,ID,ID,Other,2014,2014.5,Modern Once-Daily (2008-2014),0,,0.0,0.0,True
B.ID.2014.PB39.-.-.MK303350,B,ID,ID,Other,2014,2014.5,Modern Once-Daily (2008-2014),0,,0.0,0.0,True
B.ID.2014.HIP9.-.-.MK303352,B,ID,ID,Other,2014,2014.5,Modern Once-Daily (2008-2014),0,,0.0,0.0,True
B.ID.2014.SS26.-.-.MK303353,B,ID,ID,Other,2014,2014.5,Modern Once-Daily (2008-2014),0,,0.0,0.0,True
B.BE.2014.AI.-.-.MN485979,B,BE,Belgium,Western Europe,2014,2014.5,Modern Once-Daily (2008-2014),0,,0.0,0.0,True
B.BE.2014.CN.-.-.MN486036,B,BE,Belgium,Western Europe,2014,2014.5,Modern Once-Daily (2008-2014),0,,0.0024737167594310453,0.0,True
B.RU.2014.DEMB14RU009.1165.116030.MN703140,B,RU,Russia,Eastern Europe & Central Asia,2014,2014.5,Modern Once-Daily (2008-2014),0,,0.0018552875695732839,0.0,True
B.PH.2015.DEMB15PH002.1002.102647.KY658689,B,PH,Philippines,Asia-Pacific,2015,2015.5,Universal Treat-All (2015-2023),0,,0.0,0.0,True
B.PH.2015.DEMB15PH003.1003.102664.KY658690,B,PH,Philippines,Asia-Pacific,2015,2015.5,Universal Treat-All (2015-2023),0,,0.0,0.0,True
B.PH.2016.1022.1022.115602.MH327757,B,PH,Philippines,Asia-Pacific,2016,2016.5,Universal Treat-All (2015-2023),0,,0.0,0.0,True
B.SI.2016.Sample12_SI159.-.-.MN736698,B,SI,Slovenia,Eastern Europe & Central Asia,2016,2016.5,Universal Treat-All (2015-2023),0,,0.0,0.0,True
B.SI.2016.Sample65_SI497.SI497.116866.MN736707,B,SI,Slovenia,Eastern Europe & Central Asia,2016,2016.5,Universal Treat-All (2015-2023),0,,0.0,0.0,True
B.GH.2020.KBH48-GH.KBH48.156626.OQ121879,B,GH,Ghana,Sub-Saharan Africa,2020,2020.5,Universal Treat-All (2015-2023),0,,0.0,0.0,True
C.ET.1986.ETH2220.ETH2220.70.U46016,C,ET,Ethiopia,Sub-Saharan Africa,1986,1986.5,Pre-HAART (1978-1995),0,,0.0,0.0,True
C.ZM.1989.ZAM18.ZAM18.10013.AB485645,C,ZM,Zambia,Sub-Saharan Africa,1989,1989.5,Pre-HAART (1978-1995),0,,0.0,0.0,True
C.KE.1991.KNH1268.KNH1268.78287.AY945738,C,KE,Kenya,Sub-Saharan Africa,1991,1991.5,Pre-HAART (1978-1995),0,,0.0,0.0,True
C.BW.1996.96BW17.BW17.576.AF110979,C,BW,Botswana,Sub-Saharan Africa,1996,1996.5,Early HAART (1996-2001),0,,0.0006184291898577613,0.0,True
C.SN.1996.5056135.-.-.MH705137,C,SN,Senegal,Sub-Saharan Africa,1996,1996.5,Early HAART (1996-2001),0,,0.0,0.0,True
C.IL.1998.98IS002.IS002.4018.AF286233,C,IL,Israel,Western Europe,1998,1998.5,Early HAART (1996-2001),0,,0.0,0.0,True
C.ZA.1998.98ZA445.445.4005.AY158533,C,ZA,South Africa,Sub-Saharan Africa,1998,1998.5,Early HAART (1996-2001),0,,0.0,0.0,True
C.IL.1999.99ET1.1-288.10753.AY255823,C,IL,Israel,Western Europe,1999,1999.5,Early HAART (1996-2001),0,,0.0,0.0,True
C.IL.1999.99ET17.17-701.15074.AY255826,C,IL,Israel,Western Europe,1999,1999.5,Early HAART (1996-2001),0,,0.0,0.0,True
C.TZ.2001.A93.93.7082.AY253303,C,TZ,Tanzania,Sub-Saharan Africa,2001,2001.5,Early HAART (1996-2001),0,,0.0,0.0,True
C.TZ.2001.A207.207.7084.AY253307,C,TZ,Tanzania,Sub-Saharan Africa,2001,2001.5,Early HAART (1996-2001),0,,0.0,0.0,True
C.ZM.2002.02ZM108.-.-.AB254141,C,ZM,Zambia,Sub-Saharan Africa,2002,2002.5,Boosted PI / NNRTI (2002-2007),0,,0.0,0.0,True
C.ZM.2002.02ZM110.-.-.AB254142,C,ZM,Zambia,Sub-Saharan Africa,2002,2002.5,Boosted PI / NNRTI (2002-2007),0,,0.0,0.0,True
C.ET.2002.02ET_288.288.8376.AY713417,C,ET,Ethiopia,Sub-Saharan Africa,2002,2002.5,Boosted PI / NNRTI (2002-2007),0,,0.0,0.0,True
C.BR.2002.02BR2022.2022.104431.JN692434,C,BR,Brazil,Latin America & Caribbean,2002,2002.5,Boosted PI / NNRTI (2002-2007),0,,0.0,0.0,True
C.KE.2004.04KE344827V3.-.-.KT022362,C,KE,Kenya,Sub-Saharan Africa,2004,2004.5,Boosted PI / NNRTI (2002-2007),0,,0.0,0.0,True
C.KE.2004.04KE585573V2.-.-.KT022366,C,KE,Kenya,Sub-Saharan Africa,2004,2004.5,Boosted PI / NNRTI (2002-2007),0,,0.0,0.0,True
C.SE.2004.006CD.pt006.104877.MF373128,C,SE,Sweden,Western Europe,2004,2004.5,Boosted PI / NNRTI (2002-2007),0,,0.0,0.0,True
C.SE.2005.SE600415.SE600415.84599.KP411838,C,SE,Sweden,Western Europe,2005,2005.5,Boosted PI / NNRTI (2002-2007),0,,0.0,0.0,True
C.KE.2005.05KE369195V4.-.-.KT022371,C,KE,Kenya,Sub-Saharan Africa,2005,2005.5,Boosted PI / NNRTI (2002-2007),0,,0.0,0.0,True
C.SE.2005.010BI.pt010.104879.MF373131,C,SE,Sweden,Western Europe,2005,2005.5,Boosted PI / NNRTI (2002-2007),0,,0.0,0.0,True
C.CY.2005.CY040.CY040.32472.FJ388901,C,CY,Cyprus,Western Europe,2005,2005.5,Boosted PI / NNRTI (2002-2007),6,PR_46I;PR_82F;RT_67G;RT_184V;RT_215I;RT_219E,0.0,0.0,True
C.RW.2005.R50M_175008_1.R50M.118701.MT942712,C,RW,Rwanda,Sub-Saharan Africa,2005,2005.5,Boosted PI / NNRTI (2002-2007),0,,0.0,0.0,True
C.SE.2006.SE600516.SE600516.84581.KP411839,C,SE,Sweden,Western Europe,2006,2006.5,Boosted PI / NNRTI (2002-2007),0,,0.0,0.0,True
C.SE.2006.013ET.pt013.104820.MF373134,C,SE,Sweden,Western Europe,2006,2006.5,Boosted PI / NNRTI (2002-2007),0,,0.0,0.0,True
C.SE.2006.018SE.pt018.104893.MF373138,C,SE,Sweden,Western Europe,2006,2006.5,Boosted PI / NNRTI (2002-2007),0,,0.0,0.0,True
C.CY.2006.CY166.CY166.29292.FJ388948,C,CY,Cyprus,Western Europe,2006,2006.5,Boosted PI / NNRTI (2002-2007),0,,0.0,0.0,True
C.CY.2006.CY176.CY176.29306.FJ388952,C,CY,Cyprus,Western Europe,2006,2006.5,Boosted PI / NNRTI (2002-2007),0,,0.0,0.0,True
C.NP.2007.11NP091.11NP091.89456.KU341730,C,NP,NP,Other,2007,2007.5,Boosted PI / NNRTI (2002-2007),0,,0.0,0.0,True
C.BR.2007.Read38_HIV_C.-.-.KX228818,C,BR,Brazil,Latin America & Caribbean,2007,2007.5,Boosted PI / NNRTI (2002-2007),0,,0.0,0.0,True
C.MW.2007.703010131_CH131_TF.703010131.30660.KC156114,C,MW,Malawi,Sub-Saharan Africa,2007,2007.5,Boosted PI / NNRTI (2002-2007),0,,0.0,0.0,True
C.MW.2007.703010256_CH256_TF.703010256.51322.KC156122,C,MW,Malawi,Sub-Saharan Africa,2007,2007.5,Boosted PI / NNRTI (2002-2007),0,,0.0,0.0,True
C.MW.2007.703010085_CH085.w4a.703010085.55833.KC156211,C,MW,Malawi,Sub-Saharan Africa,2007,2007.5,Boosted PI / NNRTI (2002-2007),0,,0.0,0.0,True
C.MW.2007.703010167_CH167.w8.703010167.49935.KC156213,C,MW,Malawi,Sub-Saharan Africa,2007,2007.5,Boosted PI / NNRTI (2002-2007),0,,0.0,0.0,True
C.ET.2008.ET104.-.-.KU319528,C,ET,Ethiopia,Sub-Saharan Africa,2008,2008.5,Modern Once-Daily (2008-2014),0,,0.0,0.0,True
C.ET.2008.ET108.-.-.KU319530,C,ET,Ethiopia,Sub-Saharan Africa,2008,2008.5,Modern Once-Daily (2008-2014),0,,0.0,0.0,True
C.ET.2008.ET115.-.-.KU319531,C,ET,Ethiopia,Sub-Saharan Africa,2008,2008.5,Modern Once-Daily (2008-2014),0,,0.0,0.0,True
C.ET.2008.ET122.-.-.KU319533,C,ET,Ethiopia,Sub-Saharan Africa,2008,2008.5,Modern Once-Daily (2008-2014),0,,0.0,0.0,True
C.ET.2008.ET126.-.-.KU319535,C,ET,Ethiopia,Sub-Saharan Africa,2008,2008.5,Modern Once-Daily (2008-2014),0,,0.0,0.0,True
C.NP.2008.11NP004.11NP004.89426.KU341722,C,NP,NP,Other,2008,2008.5,Modern Once-Daily (2008-2014),0,,0.0,0.0,True
C.ES.2008.X2363_2.ARP1079.32956.EU786681,C,ES,Spain,Western Europe,2008,2008.5,Modern Once-Daily (2008-2014),0,,0.0012368583797155227,0.0,True
C.DE.2010.622166.622166.89901.KT124786,C,DE,Germany,Western Europe,2010,2010.5,Modern Once-Daily (2008-2014),0,,0.0,0.0,True
C.BR.2010.10BR_MG040.-.-.KT427674,C,BR,Brazil,Latin America & Caribbean,2010,2010.5,Modern Once-Daily (2008-2014),0,,0.0,0.0,True
C.NP.2010.11NP065.11NP065.89431.KU341725,C,NP,NP,Other,2010,2010.5,Modern Once-Daily (2008-2014),0,,0.0,0.0,True
C.CN.2010.YNFL19.YNFL19.76258.KC870038,C,CN,China,Asia-Pacific,2010,2010.5,Modern Once-Daily (2008-2014),0,,0.0,0.0,True
C.NP.2011.11NP014.11NP014.89451.KU341723,C,NP,NP,Other,2011,2011.5,Modern Once-Daily (2008-2014),0,,0.0,0.0,True
C.GB.2013.13592_1_24.3.-.-.MF109367,C,GB,United Kingdom,Western Europe,2013,2013.5,Modern Once-Daily (2008-2014),0,,0.0,0.0,True
C.GB.2013.13592_1_5.3.-.-.MF109389,C,GB,United Kingdom,Western Europe,2013,2013.5,Modern Once-Daily (2008-2014),0,,0.0,0.0,True
C.GB.2013.13774_1_82.3.-.-.MF109504,C,GB,United Kingdom,Western Europe,2013,2013.5,Modern Once-Daily (2008-2014),0,,0.0,0.0,True
C.ES.2014.ARP1198.ARP1198.82789.KT276258,C,ES,Spain,Western Europe,2014,2014.5,Modern Once-Daily (2008-2014),1,PR_90M,0.0,0.0,True
C.US.2014.M0118v1d14-5M04-C5.M0118.101951.KT982201,C,US,United States,North America,2014,2014.5,Modern Once-Daily (2008-2014),0,,0.0,0.0,True
C.ES.2015.100_118.EUR0067.102210.KY496624,C,ES,Spain,Western Europe,2015,2015.5,Universal Treat-All (2015-2023),0,,0.0,0.0,True
C.BE.2015.AN.-.-.MN485984,C,BE,Belgium,Western Europe,2015,2015.5,Universal Treat-All (2015-2023),0,,0.0024737167594310453,0.0,True
C.BE.2016.BO.-.-.MN486011,C,BE,Belgium,Western Europe,2016,2016.5,Universal Treat-All (2015-2023),0,,0.004329004329004329,0.0,True
C.MZ.2017.S01.Infant1.149793.OK649265,C,MZ,MZ,Other,2017,2017.5,Universal Treat-All (2015-2023),0,,0.0,0.0,True
C.MZ.2017.S18.Infant2.149794.OK649282,C,MZ,MZ,Other,2017,2017.5,Universal Treat-All (2015-2023),2,RT_106M;RT_181C,0.0,0.0,True
C.MZ.2017.S20.Infant3.149795.OK649284,C,MZ,MZ,Other,2017,2017.5,Universal Treat-All (2015-2023),1,RT_103N,0.0,0.0,True
C.MZ.2018.S04.Infant5.149796.OK649268,C,MZ,MZ,Other,2018,2018.5,Universal Treat-All (2015-2023),2,RT_103N;RT_181C,0.0,0.0,True
C.MZ.2018.S02.Infant6.149797.OK649266,C,MZ,MZ,Other,2018,2018.5,Universal Treat-All (2015-2023),1,RT_181C,0.0,0.0,True
C.RW.2019.PSF_80M_Con.PSF80M.120122.MZ642273,C,RW,Rwanda,Sub-Saharan Africa,2019,2019.5,Universal Treat-All (2015-2023),1,RT_103N,0.0,0.0,True
01_AE.CF.1990.90CF11697.BANGUI01.13868.AF197340,CRF01_AE,CF,CF,Other,1990,1990.5,Pre-HAART (1978-1995),1,RT_65E,0.0,0.012987012987012988,True
01_AE.CF.1990.90CF4071.-.-.AF197341,CRF01_AE,CF,CF,Other,1990,1990.5,Pre-HAART (1978-1995),0,,0.0,0.0006184291898577613,True
01_AE.CF.1990.90CR402_CAR_E_4002.CF402.61.U51188,CRF01_AE,CF,CF,Other,1990,1990.5,Pre-HAART (1978-1995),0,,0.0,0.0,True
01_AE.TH.1993.93TH060.-.-.AB220946,CRF01_AE,TH,Thailand,Asia-Pacific,1993,1993.5,Pre-HAART (1978-1995),0,,0.0,0.0,True
01_AE.US.1998.98US_MSC2008.14_2008.13717.AY444805,CRF01_AE,US,United States,North America,1998,1998.5,Early HAART (1996-2001),0,,0.0,0.0,True
01_AE.CN.2002.YN0225.YN25.60726.JX112862,CRF01_AE,CN,China,Asia-Pacific,2002,2002.5,Boosted PI / NNRTI (2002-2007),0,,0.0,0.0,True
01_AE.CM.2003.U7957.-.-.MN116207,CRF01_AE,CM,Cameroon,Sub-Saharan Africa,2003,2003.5,Boosted PI / NNRTI (2002-2007),2,RT_100I;RT_103S,0.0,0.0,True
01_AE.CM.2003.U8216.-.-.MN116208,CRF01_AE,CM,Cameroon,Sub-Saharan Africa,2003,2003.5,Boosted PI / NNRTI (2002-2007),0,,0.0,0.0,True
01_AE.HK.2004.HK001.-.-.DQ234790,CRF01_AE,HK,HK,Other,2004,2004.5,Boosted PI / NNRTI (2002-2007),0,,0.0006184291898577613,0.0,True
01_AE.CM.2005.234-40.-.-.MN116209,CRF01_AE,CM,Cameroon,Sub-Saharan Africa,2005,2005.5,Boosted PI / NNRTI (2002-2007),0,,0.0,0.0,True
01_AE.CM.2006.1002-28.-.-.MN116212,CRF01_AE,CM,Cameroon,Sub-Saharan Africa,2006,2006.5,Boosted PI / NNRTI (2002-2007),0,,0.0,0.0,True
01_AE.AF.2007.569M.569M.35902.GQ477441,CRF01_AE,AF,AF,Other,2007,2007.5,Boosted PI / NNRTI (2002-2007),1,RT_41L,0.0037105751391465678,0.0,True
01_AE.BG.2008.S_08_004.-.-.MH746262,CRF01_AE,BG,BG,Other,2008,2008.5,Modern Once-Daily (2008-2014),1,RT_103N,0.0,0.0,True
01_AE.BG.2009.V_09_018.-.-.MH746252,CRF01_AE,BG,BG,Other,2009,2009.5,Modern Once-Daily (2008-2014),0,,0.0,0.0,True
01_AE.IR.2010.10IR.THR48F.THR48.50815.AB703616,CRF01_AE,IR,IR,Other,2010,2010.5,Modern Once-Daily (2008-2014),0,,0.0006184291898577613,0.0,True
01_AE.SE.2011.SE601017.SE601017.84587.KP411840,CRF01_AE,SE,Sweden,Western Europe,2011,2011.5,Modern Once-Daily (2008-2014),0,,0.0,0.0,True
01_AE.SE.2011.SE601018.SE601018.84592.KP411841,CRF01_AE,SE,Sweden,Western Europe,2011,2011.5,Modern Once-Daily (2008-2014),0,,0.0,0.0,True
01_AE.CM.2011.1156-26.1156_26.89961.KP718930,CRF01_AE,CM,Cameroon,Sub-Saharan Africa,2011,2011.5,Modern Once-Daily (2008-2014),0,,0.0,0.0,True
01_AE.SE.2011.057SE.pt057.104822.MF373160,CRF01_AE,SE,Sweden,Western Europe,2011,2011.5,Modern Once-Daily (2008-2014),0,,0.0,0.0,True
01_AE.LA.2011.VI12F4094.4094.115733.MG760382,CRF01_AE,LA,LA,Other,2011,2011.5,Modern Once-Daily (2008-2014),0,,0.0,0.0,True
01_AE.LA.2011.VI20F3001.3001.115722.MG760384,CRF01_AE,LA,LA,Other,2011,2011.5,Modern Once-Daily (2008-2014),0,,0.0,0.0,True
01_AE.LA.2011.VI22F3810.3810.115702.MG760389,CRF01_AE,LA,LA,Other,2011,2011.5,Modern Once-Daily (2008-2014),0,,0.0012368583797155227,0.0,True
01_AE.LA.2011.VI22F3899.3899.115721.MG760390,CRF01_AE,LA,LA,Other,2011,2011.5,Modern Once-Daily (2008-2014),0,,0.0006184291898577613,0.0,True
01_AE.LA.2011.VI25F3297.3297.115710.MG760391,CRF01_AE,LA,LA,Other,2011,2011.5,Modern Once-Daily (2008-2014),0,,0.0012368583797155227,0.0,True
01_AE.LA.2011.VI26F2939.2939.115753.MG760395,CRF01_AE,LA,LA,Other,2011,2011.5,Modern Once-Daily (2008-2014),0,,0.0,0.0,True
01_AE.LA.2011.VI28F3940.3940.115716.MG760397,CRF01_AE,LA,LA,Other,2011,2011.5,Modern Once-Daily (2008-2014),0,,0.0006184291898577613,0.0,True
01_AE.JP.2011.DE00111JP003.11168.61370.KF859741,CRF01_AE,JP,Japan,Asia-Pacific,2011,2011.5,Modern Once-Daily (2008-2014),0,,0.0,0.0018552875695732839,True
01_AE.GB.2012.Recipient_N107_52_Months.N107.81670.KP873163,CRF01_AE,GB,United Kingdom,Western Europe,2012,2012.5,Modern Once-Daily (2008-2014),0,,0.0018552875695732839,0.0,True
01_AE.SE.2012.069SE.pt069.104826.MF373172,CRF01_AE,SE,Sweden,Western Europe,2012,2012.5,Modern Once-Daily (2008-2014),0,,0.0,0.0,True
01_AE.SE.2012.070SE.pt070.104830.MF373173,CRF01_AE,SE,Sweden,Western Europe,2012,2012.5,Modern Once-Daily (2008-2014),0,,0.0,0.0,True
01_AE.SI.2012.Sample39_SI326.SI326.116860.MN736703,CRF01_AE,SI,Slovenia,Eastern Europe & Central Asia,2012,2012.5,Modern Once-Daily (2008-2014),0,,0.0,0.0,True
01_AE.ID.2013.PJ28_Surabaya_2013.-.-.OQ357251,CRF01_AE,ID,ID,Other,2013,2013.5,Modern Once-Daily (2008-2014),0,,0.0,0.0,True
01_AE.GB.2013.13592_1_16.3.-.-.MF109358,CRF01_AE,GB,United Kingdom,Western Europe,2013,2013.5,Modern Once-Daily (2008-2014),0,,0.0,0.0006184291898577613,True
01_AE.GB.2013.13774_1_46.3.-.-.MF109471,CRF01_AE,GB,United Kingdom,Western Europe,2013,2013.5,Modern Once-Daily (2008-2014),0,,0.0,0.0018552875695732839,True
01_AE.ID.2013.IDU10_Surabaya_2013.-.-.OQ357236,CRF01_AE,ID,ID,Other,2013,2013.5,Modern Once-Daily (2008-2014),0,,0.0,0.0,True
01_AE.GB.2014.13612_1_24.3.-.-.MF109407,CRF01_AE,GB,United Kingdom,Western Europe,2014,2014.5,Modern Once-Daily (2008-2014),0,,0.0,0.0,True
01_AE.GB.2014.14727_1_55.3.-.-.MF109618,CRF01_AE,GB,United Kingdom,Western Europe,2014,2014.5,Modern Once-Daily (2008-2014),3,RT_65R;RT_101E;RT_190S,0.0,0.0,True
01_AE.GB.2014.14727_1_60.3.-.-.MF109621,CRF01_AE,GB,United Kingdom,Western Europe,2014,2014.5,Modern Once-Daily (2008-2014),0,,0.0,0.0,True
01_AE.ID.2014.HIP6_Papua_2014.-.-.OQ357234,CRF01_AE,ID,ID,Other,2014,2014.5,Modern Once-Daily (2008-2014),0,,0.0,0.0,True
01_AE.ID.2014.HIP10_Papua_2014.-.-.OQ357235,CRF01_AE,ID,ID,Other,2014,2014.5,Modern Once-Daily (2008-2014),0,,0.0,0.0,True
01_AE.ID.2014.BR2_Pontianak_2014.-.-.OQ357240,CRF01_AE,ID,ID,Other,2014,2014.5,Modern Once-Daily (2008-2014),0,,0.0,0.0,True
01_AE.ID.2014.BR4_Pontianak_2014.-.-.OQ357246,CRF01_AE,ID,ID,Other,2014,2014.5,Modern Once-Daily (2008-2014),0,,0.0,0.0,True
01_AE.ID.2014.PB24_Sorong_2014.-.-.OQ357248,CRF01_AE,ID,ID,Other,2014,2014.5,Modern Once-Daily (2008-2014),0,,0.0,0.0,True
01_AE.PH.2015.DE00115PH012.1012.102665.KY658688,CRF01_AE,PH,Philippines,Asia-Pacific,2015,2015.5,Universal Treat-All (2015-2023),0,,0.0,0.0,True
01_AE.PH.2015.DE00115PH006.1006.112644.MH078560,CRF01_AE,PH,Philippines,Asia-Pacific,2015,2015.5,Universal Treat-All (2015-2023),0,,0.0,0.0,True
01_AE.PH.2016.DE00116PH013.1013.112633.MH078562,CRF01_AE,PH,Philippines,Asia-Pacific,2016,2016.5,Universal Treat-All (2015-2023),0,,0.0,0.0,True
01_AE.PH.2016.1010.1010.115600.MH327752,CRF01_AE,PH,Philippines,Asia-Pacific,2016,2016.5,Universal Treat-All (2015-2023),0,,0.0,0.0,True
01_AE.PH.2016.1024.1024.115604.MH327759,CRF01_AE,PH,Philippines,Asia-Pacific,2016,2016.5,Universal Treat-All (2015-2023),0,,0.0,0.0,True
01_AE.PH.2016.1025.1025.115605.MH327760,CRF01_AE,PH,Philippines,Asia-Pacific,2016,2016.5,Universal Treat-All (2015-2023),0,,0.0,0.0,True
01_AE.AU.2018.PRA008_PB_PD1negCTLA4neg_24.PRA008.156615.OP701429,CRF01_AE,AU,Australia,Asia-Pacific,2018,2018.5,Universal Treat-All (2015-2023),0,,0.0,0.0,True
02_AG.GH.1997.97GH-AG1.NJ97-42.24045.AB049811,CRF02_AG,GH,Ghana,Sub-Saharan Africa,1997,1997.5,Early HAART (1996-2001),0,,0.0,0.0,True
02_AG.CM.1997.CM52885.CM52885.1176.AF377954,CRF02_AG,CM,Cameroon,Sub-Saharan Africa,1997,1997.5,Early HAART (1996-2001),0,,0.0,0.0,True
02_AG.SN.1998.98SE-MP1213.1213.7811.AJ251057,CRF02_AG,SN,Senegal,Sub-Saharan Africa,1998,1998.5,Early HAART (1996-2001),0,,0.0,0.0,True
02_AG.-.2000.LA12FroG.FroG.87932.KU168267,CRF02_AG,-,-,Other,2000,2000.5,Early HAART (1996-2001),13,PR_46I;PR_54V;PR_82C;PR_84V;RT_41L;RT_67N;RT_69D;RT_70R;RT_74V;RT_184V;RT_215F;RT_219Q;RT_181C,0.0,0.0,True
02_AG.CM.2000.NYU1999.-.-.MK086123,CRF02_AG,CM,Cameroon,Sub-Saharan Africa,2000,2000.5,Early HAART (1996-2001),0,,0.0,0.0006184291898577613,True
02_AG.CM.2001.01CM_0005BBY.0005BBY.9959.AY371123,CRF02_AG,CM,Cameroon,Sub-Saharan Africa,2001,2001.5,Early HAART (1996-2001),0,,0.0,0.0,True
02_AG.NG.2001.PL0710.710.11536.DQ168577,CRF02_AG,NG,Nigeria,Sub-Saharan Africa,2001,2001.5,Early HAART (1996-2001),0,,0.0,0.0,True
02_AG.NG.2001.PL0754.754.15569.DQ168578,CRF02_AG,NG,Nigeria,Sub-Saharan Africa,2001,2001.5,Early HAART (1996-2001),0,,0.0,0.0,True
02_AG.GH.2003.GHNJ188.-.-.AB231896,CRF02_AG,GH,Ghana,Sub-Saharan Africa,2003,2003.5,Boosted PI / NNRTI (2002-2007),0,,0.0,0.0,True
02_AG.GH.2003.03GH181AG.181.13761.AB286855,CRF02_AG,GH,Ghana,Sub-Saharan Africa,2003,2003.5,Boosted PI / NNRTI (2002-2007),0,,0.0,0.0,True
02_AG.GH.2003.03GH182AG.182.13764.AB286857,CRF02_AG,GH,Ghana,Sub-Saharan Africa,2003,2003.5,Boosted PI / NNRTI (2002-2007),0,,0.0,0.0,True
02_AG.GW.2004.CC_0030.-.-.FJ694791,CRF02_AG,GW,GW,Other,2004,2004.5,Boosted PI / NNRTI (2002-2007),0,,0.0024737167594310453,0.0,True
02_AG.GW.2005.CC_0048.-.-.FJ694792,CRF02_AG,GW,GW,Other,2005,2005.5,Boosted PI / NNRTI (2002-2007),0,,0.0,0.0,True
02_AG.ES.2006.P1423.P1423_ARP1081.32945.EU884501,CRF02_AG,ES,Spain,Western Europe,2006,2006.5,Boosted PI / NNRTI (2002-2007),0,,0.00927643784786642,0.0006184291898577613,True
02_AG.ES.2009.P2222_2s_nt0547_9473.P2222.105030.MF157742,CRF02_AG,ES,Spain,Western Europe,2009,2009.5,Modern Once-Daily (2008-2014),0,,0.0,0.0,True
02_AG.CY.2009.CY247.CY247.40206.JF683792,CRF02_AG,CY,Cyprus,Western Europe,2009,2009.5,Modern Once-Daily (2008-2014),0,,0.0,0.0,True
02_AG.CY.2009.CY252.CY252.40260.JF683795,CRF02_AG,CY,Cyprus,Western Europe,2009,2009.5,Modern Once-Daily (2008-2014),0,,0.0030921459492888066,0.0,True
02_AG.CY.2009.CY265.CY265.40201.JF683806,CRF02_AG,CY,Cyprus,Western Europe,2009,2009.5,Modern Once-Daily (2008-2014),0,,0.0,0.0018552875695732839,True
02_AG.UG.2010.DEURF10UG006.270475.61381.KF716488,CRF02_AG,UG,Uganda,Sub-Saharan Africa,2010,2010.5,Modern Once-Daily (2008-2014),0,,0.0,0.0,True
02_AG.SN.2013.9580.-.-.KT223760,CRF02_AG,SN,Senegal,Sub-Saharan Africa,2013,2013.5,Modern Once-Daily (2008-2014),3,RT_65R;RT_184I;RT_181C,0.0,0.0,True
02_AG.GB.2013.15171_1_26.3.-.-.MF109657,CRF02_AG,GB,United Kingdom,Western Europe,2013,2013.5,Modern Once-Daily (2008-2014),0,,0.0,0.0018552875695732839,True
02_AG.GB.2013.15228_1_71.3.-.-.MF109709,CRF02_AG,GB,United Kingdom,Western Europe,2013,2013.5,Modern Once-Daily (2008-2014),0,,0.0,0.0018552875695732839,True
02_AG.GW.2013.DE00213GW041.6251.116066.MN703128,CRF02_AG,GW,GW,Other,2013,2013.5,Modern Once-Daily (2008-2014),0,,0.004329004329004329,0.0,True
02_AG.ES.2014.100593.100593.103881.KY989950,CRF02_AG,ES,Spain,Western Europe,2014,2014.5,Modern Once-Daily (2008-2014),0,,0.004329004329004329,0.0,True
02_AG.GB.2014.13659_1_50.3.-.-.MF109439,CRF02_AG,GB,United Kingdom,Western Europe,2014,2014.5,Modern Once-Daily (2008-2014),0,,0.0,0.0018552875695732839,True
02_AG.GB.2014.14592_1_56.3.-.-.MF109550,CRF02_AG,GB,United Kingdom,Western Europe,2014,2014.5,Modern Once-Daily (2008-2014),0,,0.0,0.0018552875695732839,True
02_AG.GB.2014.14592_1_65.3.-.-.MF109559,CRF02_AG,GB,United Kingdom,Western Europe,2014,2014.5,Modern Once-Daily (2008-2014),0,,0.0,0.0018552875695732839,True
02_AG.SE.2014.098GN.pt098.104881.MF373200,CRF02_AG,SE,Sweden,Western Europe,2014,2014.5,Modern Once-Daily (2008-2014),1,PR_53Y,0.0,0.0,True
02_AG.GW.2014.DE00214GW002.7063.112643.MH078541,CRF02_AG,GW,GW,Other,2014,2014.5,Modern Once-Daily (2008-2014),0,,0.0,0.0,True
02_AG.GW.2014.DE00214GW005.7042.112626.MH078542,CRF02_AG,GW,GW,Other,2014,2014.5,Modern Once-Daily (2008-2014),0,,0.0,0.0,True
02_AG.GW.2014.DE00214GW009.6982.112635.MH078544,CRF02_AG,GW,GW,Other,2014,2014.5,Modern Once-Daily (2008-2014),0,,0.0,0.0,True
02_AG.BE.2014.AE.-.-.MN485975,CRF02_AG,BE,Belgium,Western Europe,2014,2014.5,Modern Once-Daily (2008-2014),0,,0.0012368583797155227,0.0,True
02_AG.PK.2015.PK024.PK024.101862.KX232616,CRF02_AG,PK,PK,Other,2015,2015.5,Universal Treat-All (2015-2023),0,,0.0,0.0055658627087198514,True
02_AG.FR.2015.CODb4_1.CODb4.156570.OP994781,CRF02_AG,FR,France,Western Europe,2015,2015.5,Universal Treat-All (2015-2023),2,RT_41L;RT_215C,0.0,0.0,True
02_AG.CI.2016.DE00216CI019.CU313-2324-18.112630.MH078536,CRF02_AG,CI,Ivory Coast,Sub-Saharan Africa,2016,2016.5,Universal Treat-All (2015-2023),0,,0.0,0.0,True
02_AG.CI.2016.DEURF16CI022.CU313-2324-21.112636.MH078539,CRF02_AG,CI,Ivory Coast,Sub-Saharan Africa,2016,2016.5,Universal Treat-All (2015-2023),0,,0.0,0.0,True
02_AG.RU.2017.RU_ERS_1322_2017.1322.119503.MZ327288,CRF02_AG,RU,Russia,Eastern Europe & Central Asia,2017,2017.5,Universal Treat-All (2015-2023),0,,0.0006184291898577613,0.0,True
02AG.BE.2018.CK.-.-.MN486033,CRF02_AG,BE,Belgium,Western Europe,2018,2018.5,Universal Treat-All (2015-2023),1,RT_184V,0.004947433518862091,0.0,True
02_AG.CY.2018.CY535.-.-.ON989288,CRF02_AG,CY,Cyprus,Western Europe,2018,2018.5,Universal Treat-All (2015-2023),0,,0.004947433518862091,0.0,True
02_AG.BE.2019.DB.-.-.MT417738,CRF02_AG,BE,Belgium,Western Europe,2019,2019.5,Universal Treat-All (2015-2023),0,,0.0012368583797155227,0.0,True
07_BC.CN.1997.97CN001_C54.CN54.2515.AF286226,CRF07_BC,CN,China,Asia-Pacific,1997,1997.5,Early HAART (1996-2001),0,,0.0,0.0,True
07_BC.CN.1998.98CN009.CN009.4015.AF286230,CRF07_BC,CN,China,Asia-Pacific,1998,1998.5,Early HAART (1996-2001),0,,0.0,0.0,True
07_BC.TW.2004.TW_D3.D3.19533.DQ230841,CRF07_BC,TW,Taiwan,Asia-Pacific,2004,2004.5,Boosted PI / NNRTI (2002-2007),0,,0.0,0.0,True
07_BC.CN.2005.XJDC6441.XJDC.23096.EF368370,CRF07_BC,CN,China,Asia-Pacific,2005,2005.5,Boosted PI / NNRTI (2002-2007),0,,0.0,0.0,True
07_BC.CN.2005.XJN0084.XJN0084.23095.EF368371,CRF07_BC,CN,China,Asia-Pacific,2005,2005.5,Boosted PI / NNRTI (2002-2007),0,,0.0006184291898577613,0.0,True
07_BC.CN.2005.XJDC6431_2.XJDC6431-2.23097.EF368372,CRF07_BC,CN,China,Asia-Pacific,2005,2005.5,Boosted PI / NNRTI (2002-2007),0,,0.0,0.0,True
07_BC.CN.2005.pXJDC6441-2.XJDC6441.28469.EF420986,CRF07_BC,CN,China,Asia-Pacific,2005,2005.5,Boosted PI / NNRTI (2002-2007),0,,0.0,0.0,True
07_BC.CN.2005.pXJDC6291-13.6291.61313.KC492737,CRF07_BC,CN,China,Asia-Pacific,2005,2005.5,Boosted PI / NNRTI (2002-2007),0,,0.0,0.0,True
07_BC.CN.2006.Sichuan_2006_SC006.SC006.51695.JX392378,CRF07_BC,CN,China,Asia-Pacific,2006,2006.5,Boosted PI / NNRTI (2002-2007),0,,0.0,0.0,True
07_BC.CN.2006.Sichuan_2006_SC008.CBJ008.39661.JX392379,CRF07_BC,CN,China,Asia-Pacific,2006,2006.5,Boosted PI / NNRTI (2002-2007),0,,0.0,0.0,True
07_BC.CN.2006.Sichuan_2006_SC020.SC020.51697.JX392380,CRF07_BC,CN,China,Asia-Pacific,2006,2006.5,Boosted PI / NNRTI (2002-2007),0,,0.0,0.0,True
07_BC.CN.2006.Sichuan_2006_SC025.SC025.51698.JX392381,CRF07_BC,CN,China,Asia-Pacific,2006,2006.5,Boosted PI / NNRTI (2002-2007),0,,0.0006184291898577613,0.0,True
07_BC.CN.2006.Sichuan_2006_SC124.SC124.51699.JX392382,CRF07_BC,CN,China,Asia-Pacific,2006,2006.5,Boosted PI / NNRTI (2002-2007),0,,0.0,0.0,True
07_BC.CN.2006.Xinjiang_2006_709.709.51700.JX392383,CRF07_BC,CN,China,Asia-Pacific,2006,2006.5,Boosted PI / NNRTI (2002-2007),0,,0.0,0.0,True
07_BC.CN.2006.Xinjiang_2006_713.713.51701.JX392384,CRF07_BC,CN,China,Asia-Pacific,2006,2006.5,Boosted PI / NNRTI (2002-2007),0,,0.0,0.0,True
07_BC.CN.2006.SC070059.SC070059.70885.KF250376,CRF07_BC,CN,China,Asia-Pacific,2006,2006.5,Boosted PI / NNRTI (2002-2007),0,,0.0,0.0,True
07_BC.VN.2013.VN_485.VN_485.118419.MT635171,CRF07_BC,VN,Vietnam,Asia-Pacific,2013,2013.5,Modern Once-Daily (2008-2014),0,,0.0,0.0,True
07_BC.TW.2013.pCRF07.pCRF07.99371.KF234628,CRF07_BC,TW,Taiwan,Asia-Pacific,2013,2013.5,Modern Once-Daily (2008-2014),0,,0.0,0.0,True
07_BC.GB.2014.14592_1_61.3.-.-.MF109555,CRF07_BC,GB,United Kingdom,Western Europe,2014,2014.5,Modern Once-Daily (2008-2014),0,,0.0,0.0,True
07_BC.KR.2016.KR050.KR050.116962.MT021910,CRF07_BC,KR,South Korea,Asia-Pacific,2016,2016.5,Universal Treat-All (2015-2023),0,,0.0,0.0,True
08_BC.CN.1997.97CNGX_6F.CNGX6.884.AY008715,CRF08_BC,CN,China,Asia-Pacific,1997,1997.5,Early HAART (1996-2001),0,,0.0,0.0,True
08_BC.CN.1997.97CNGX_7F.CNGX7.13896.AY008716,CRF08_BC,CN,China,Asia-Pacific,1997,1997.5,Early HAART (1996-2001),0,,0.0,0.0,True
08_BC.CN.1997.97CNGX_9F.CNGX9.883.AY008717,CRF08_BC,CN,China,Asia-Pacific,1997,1997.5,Early HAART (1996-2001),0,,0.0,0.0,True
08_BC.CN.2000.p00CH-WS035_08_BC51.ws035.1714.AB746344,CRF08_BC,CN,China,Asia-Pacific,2000,2000.5,Early HAART (1996-2001),0,,0.0,0.0,True
08_BC.CN.2000.p00CH-HH090_08_BC02.hh090.1707.AB773884,CRF08_BC,CN,China,Asia-Pacific,2000,2000.5,Early HAART (1996-2001),0,,0.0,0.0,True
08_BC.CN.2000.HH069.hh069.1704.AP005206,CRF08_BC,CN,China,Asia-Pacific,2000,2000.5,Early HAART (1996-2001),0,,0.0,0.0,True
08_BC.CN.2000.QJ001.-.-.KC914396,CRF08_BC,CN,China,Asia-Pacific,2000,2000.5,Early HAART (1996-2001),0,,0.0,0.0,True
08_BC.CN.2001.p01CH-DL001_08_BC06.DL01.50817.AB746342,CRF08_BC,CN,China,Asia-Pacific,2001,2001.5,Early HAART (1996-2001),0,,0.0,0.0,True
08_BC.CN.2001.01CN-DL003.-.-.AB750369,CRF08_BC,CN,China,Asia-Pacific,2001,2001.5,Early HAART (1996-2001),0,,0.0,0.0,True
08_BC.CN.2006.nx2.-.-.HM067748,CRF08_BC,CN,China,Asia-Pacific,2006,2006.5,Boosted PI / NNRTI (2002-2007),0,,0.0,0.0,True
08_BC.CN.2007.2007CNGX_HK.CNGX-HK.49546.JF719819,CRF08_BC,CN,China,Asia-Pacific,2007,2007.5,Boosted PI / NNRTI (2002-2007),0,,0.0012368583797155227,0.0,True
08_BC.CN.2007.GD070060.GD070060.70941.KF250368,CRF08_BC,CN,China,Asia-Pacific,2007,2007.5,Boosted PI / NNRTI (2002-2007),0,,0.0,0.0,True
08_BC.CN.2007.GD070077.GD070077.70896.KF250369,CRF08_BC,CN,China,Asia-Pacific,2007,2007.5,Boosted PI / NNRTI (2002-2007),0,,0.0,0.0,True
08_BC.CN.2007.07CNYN310.YN310.61449.KF835497,CRF08_BC,CN,China,Asia-Pacific,2007,2007.5,Boosted PI / NNRTI (2002-2007),0,,0.0,0.0,True
08_BC.CN.2007.07CNYN313.YN313.61453.KF835500,CRF08_BC,CN,China,Asia-Pacific,2007,2007.5,Boosted PI / NNRTI (2002-2007),0,,0.0,0.0,True
D.CD.1983.ELI.ELI.580.K03454,D,CD,DR Congo,Sub-Saharan Africa,1983,1983.5,Pre-HAART (1978-1995),0,,0.0,0.0,True
D.CD.1984.84ZR085.ZR085.59.U88822,D,CD,DR Congo,Sub-Saharan Africa,1984,1984.5,Pre-HAART (1978-1995),0,,0.0,0.0,True
D.ZA.1985.R214.214.7856.AY773339,D,ZA,South Africa,Sub-Saharan Africa,1985,1985.5,Pre-HAART (1978-1995),0,,0.0,0.0055658627087198514,True
D.ZA.1985.R286.286.7857.AY773340,D,ZA,South Africa,Sub-Saharan Africa,1985,1985.5,Pre-HAART (1978-1995),0,,0.0,0.0018552875695732839,True
D.ZA.1986.R482.482.7858.AY773341,D,ZA,South Africa,Sub-Saharan Africa,1986,1986.5,Pre-HAART (1978-1995),1,RT_219Q,0.0,0.0,True
D.UG.1986.2033.-.-.OP039383,D,UG,Uganda,Sub-Saharan Africa,1986,1986.5,Pre-HAART (1978-1995),0,,0.0030921459492888066,0.0,True
D.CD.1987.PBS5635.-.-.MH705152,D,CD,DR Congo,Sub-Saharan Africa,1987,1987.5,Pre-HAART (1978-1995),0,,0.0,0.0,True
D.SN.1990.SE365.SE365.10014.AB485648,D,SN,Senegal,Sub-Saharan Africa,1990,1990.5,Pre-HAART (1978-1995),0,,0.0,0.0,True
D.TD.1999.MN011.11.2756.AJ488926,D,TD,TD,Other,1999,1999.5,Early HAART (1996-2001),0,,0.0,0.0,True
D.TZ.2001.A280.280.7087.AY253311,D,TZ,Tanzania,Sub-Saharan Africa,2001,2001.5,Early HAART (1996-2001),0,,0.0,0.0,True
D.CM.2001.01CM_4412HAL.4412HAL.7885.AY371157,D,CM,Cameroon,Sub-Saharan Africa,2001,2001.5,Early HAART (1996-2001),0,,0.0,0.0,True
D.CD.2002.LA18ZiAn.ZiAn.87943.KU168272,D,CD,DR Congo,Sub-Saharan Africa,2002,2002.5,Boosted PI / NNRTI (2002-2007),0,,0.0,0.0,True
D.CD.2002.CG-0382-02V_NGSID3.NGSID3.101967.KY392769,D,CD,DR Congo,Sub-Saharan Africa,2002,2002.5,Boosted PI / NNRTI (2002-2007),0,,0.0,0.0,True
D.CD.2003.LA17MuBo.MuBo.87920.KU168271,D,CD,DR Congo,Sub-Saharan Africa,2003,2003.5,Boosted PI / NNRTI (2002-2007),0,,0.0,0.0,True
D.TZ.2004.CO6405V4.6405.61492.KX907406,D,TZ,Tanzania,Sub-Saharan Africa,2004,2004.5,Boosted PI / NNRTI (2002-2007),0,,0.0006184291898577613,0.0,True
D.CY.2006.CY163.CY163.32497.FJ388945,D,CY,Cyprus,Western Europe,2006,2006.5,Boosted PI / NNRTI (2002-2007),0,,0.0,0.0,True
D.US.2007.HIV_US_BID-V3121_2007.-.-.JQ403079,D,US,United States,North America,2007,2007.5,Boosted PI / NNRTI (2002-2007),8,PR_73S;PR_82L;PR_84V;PR_90M;RT_215F;RT_219Q;RT_103N;RT_230L,0.0,0.0,True
D.BR.2010.DEMD10BR034.RJ095.99408.KU749394,D,BR,Brazil,Latin America & Caribbean,2010,2010.5,Modern Once-Daily (2008-2014),0,,0.0,0.0,True
D.BR.2010.10BR_RJ108.RJ108.70521.KJ787683,D,BR,Brazil,Latin America & Caribbean,2010,2010.5,Modern Once-Daily (2008-2014),0,,0.0,0.0,True
D.CM.2010.DEMD10CM018.LB031-1.78305.KP109501,D,CM,Cameroon,Sub-Saharan Africa,2010,2010.5,Modern Once-Daily (2008-2014),0,,0.0,0.0,True
D.SE.2012.077UG.pt077.104849.MF373180,D,SE,Sweden,Western Europe,2012,2012.5,Modern Once-Daily (2008-2014),4,RT_65R;RT_100I;RT_181C;RT_188L,0.0,0.0018552875695732839,True
D.GB.2013.15228_1_51.3.-.-.MF109689,D,GB,United Kingdom,Western Europe,2013,2013.5,Modern Once-Daily (2008-2014),0,,0.0,0.0,True
D.KE.2013.20920v0A_01.20920.125020.OM825094,D,KE,Kenya,Sub-Saharan Africa,2013,2013.5,Modern Once-Daily (2008-2014),0,,0.0,0.0,True
D.GB.2014.14535_1_3.3.-.-.MF109532,D,GB,United Kingdom,Western Europe,2014,2014.5,Modern Once-Daily (2008-2014),0,,0.0,0.0,True
D.KE.2014.20941v02_01.20941.125035.OM825104,D,KE,Kenya,Sub-Saharan Africa,2014,2014.5,Modern Once-Daily (2008-2014),0,,0.0,0.0,True
F1.BR.1989.BZ126.BZ126.3090.AY173957,F1,BR,Brazil,Latin America & Caribbean,1989,1989.5,Pre-HAART (1978-1995),0,,0.0012368583797155227,0.0,True
F1.BE.1993.VI850.VI850.13838.AF077336,F1,BE,Belgium,Western Europe,1993,1993.5,Pre-HAART (1978-1995),0,,0.0,0.0,True
F1.RO.1996.BCI_R07.BCI7.10132.AB485658,F1,RO,Romania,Eastern Europe & Central Asia,1996,1996.5,Early HAART (1996-2001),0,,0.0,0.0,True
F1.FR.1996.96FR-MP411.MP411.984.AJ249238,F1,FR,France,Western Europe,1996,1996.5,Early HAART (1996-2001),1,PR_46I,0.0,0.0,True
F1.BR.2001.01BRRJSB153.-.-.MG365763,F1,BR,Brazil,Latin America & Caribbean,2001,2001.5,Early HAART (1996-2001),0,,0.0,0.0,True
F1.AR.2002.ARE933.PA-40.8222.DQ189088,F1,AR,Argentina,Latin America & Caribbean,2002,2002.5,Boosted PI / NNRTI (2002-2007),1,PR_73C,0.0006184291898577613,0.0,True
F1.ES.2002.ES_X845-4.X845.34294.FJ670516,F1,ES,Spain,Western Europe,2002,2002.5,Boosted PI / NNRTI (2002-2007),0,,0.0,0.0,True
F1.-.2003.LA21LeAn.LeAn.87941.KU168275,F1,-,-,Other,2003,2003.5,Boosted PI / NNRTI (2002-2007),5,RT_67N;RT_70R;RT_184V;RT_215F;RT_219E,0.0,0.0,True
F1.AO.2006.AO_06_ANG32.-.-.FJ900266,F1,AO,AO,Other,2006,2006.5,Boosted PI / NNRTI (2002-2007),0,,0.0,0.0,True
F1.AO.2006.AO_06_ANG40.-.-.FJ900267,F1,AO,AO,Other,2006,2006.5,Boosted PI / NNRTI (2002-2007),0,,0.0,0.0,True
F1.BR.2008.08BRRJ35.-.-.MG365767,F1,BR,Brazil,Latin America & Caribbean,2008,2008.5,Modern Once-Daily (2008-2014),0,,0.0,0.0,True
F1.BG.2008.S_08_002.-.-.MH746263,F1,BG,BG,Other,2008,2008.5,Modern Once-Daily (2008-2014),0,,0.0,0.0,True
F1.CY.2008.CY222.CY222.40210.JF683771,F1,CY,Cyprus,Western Europe,2008,2008.5,Modern Once-Daily (2008-2014),0,,0.0,0.0018552875695732839,True
F1.BR.2010.10BR_PE107.-.-.KJ849782,F1,BR,Brazil,Latin America & Caribbean,2010,2010.5,Modern Once-Daily (2008-2014),0,,0.0,0.0,True
F1.BR.2010.10BR_RJ015.-.-.KJ849791,F1,BR,Brazil,Latin America & Caribbean,2010,2010.5,Modern Once-Daily (2008-2014),0,,0.0,0.0,True
F1.GB.2014.14535_1_29.3.-.-.MF109526,F1,GB,United Kingdom,Western Europe,2014,2014.5,Modern Once-Daily (2008-2014),1,RT_103N,0.0,0.0037105751391465678,True
F1.BE.2016.AS.-.-.MN485989,F1,BE,Belgium,Western Europe,2016,2016.5,Universal Treat-All (2015-2023),0,,0.0,0.0,True
F1.BE.2017.CH.-.-.MN486030,F1,BE,Belgium,Western Europe,2017,2017.5,Universal Treat-All (2015-2023),0,,0.0018552875695732839,0.0,True
F1.BE.2017.DL.-.-.MT417748,F1,BE,Belgium,Western Europe,2017,2017.5,Universal Treat-All (2015-2023),0,,0.0,0.0,True
F1.BE.2019.DZ.-.-.MT417762,F1,BE,Belgium,Western Europe,2019,2019.5,Universal Treat-All (2015-2023),0,,0.0,0.0,True
G.CD.1987.P406.-.-.MH705155,G,CD,DR Congo,Sub-Saharan Africa,1987,1987.5,Pre-HAART (1978-1995),0,,0.0,0.0,True
G.BE.1996.DRCBL.BL.451.AF084936,G,BE,Belgium,Western Europe,1996,1996.5,Early HAART (1996-2001),1,RT_70R,0.0,0.004329004329004329,True
G.CU.1999.Cu74.CU74.23972.AY586547,G,CU,Cuba,Latin America & Caribbean,1999,1999.5,Early HAART (1996-2001),0,,0.0,0.0,True
G.NG.2001.PL0567.567.15497.DQ168573,G,NG,Nigeria,Sub-Saharan Africa,2001,2001.5,Early HAART (1996-2001),0,,0.0,0.0,True
G.CM.2001.A1786.A1786.31786.FJ389367,G,CM,Cameroon,Sub-Saharan Africa,2001,2001.5,Early HAART (1996-2001),0,,0.0030921459492888066,0.0,True
G.GH.2003.GHNJ175.175.13758.AB231893,G,GH,Ghana,Sub-Saharan Africa,2003,2003.5,Boosted PI / NNRTI (2002-2007),0,,0.0,0.0,True
G.-.2003.LA24HoCe.HoCe.87947.KU168278,G,-,-,Other,2003,2003.5,Boosted PI / NNRTI (2002-2007),10,PR_46I;PR_54V;PR_82T;PR_84V;RT_41L;RT_74V;RT_215Y;RT_103N;RT_181C;RT_190A,0.0,0.0,True
G.ES.2005.X1628-2.X1628.35974.FJ670520,G,ES,Spain,Western Europe,2005,2005.5,Boosted PI / NNRTI (2002-2007),0,,0.0012368583797155227,0.0,True
G.CM.2005.144-26.-.-.MH705145,G,CM,Cameroon,Sub-Saharan Africa,2005,2005.5,Boosted PI / NNRTI (2002-2007),0,,0.0,0.0,True
G.KE.2006.06KE275457V6.-.-.KT022379,G,KE,Kenya,Sub-Saharan Africa,2006,2006.5,Boosted PI / NNRTI (2002-2007),0,,0.0,0.0018552875695732839,True
G.CN.2006.sh52.-.-.HM067749,G,CN,China,Asia-Pacific,2006,2006.5,Boosted PI / NNRTI (2002-2007),5,RT_65R;RT_115F;RT_219R;RT_181C;RT_225H,0.0,0.0018552875695732839,True
G.BE.2008.CV.-.-.MN486044,G,BE,Belgium,Western Europe,2008,2008.5,Modern Once-Daily (2008-2014),0,,0.004947433518862091,0.0,True
G.NG.2008.08NG_SC13.SC13.44225.JN248582,G,NG,Nigeria,Sub-Saharan Africa,2008,2008.5,Modern Once-Daily (2008-2014),0,,0.0,0.0,True
G.BG.2009.V_09_011.-.-.MH746255,G,BG,BG,Other,2009,2009.5,Modern Once-Daily (2008-2014),1,RT_181C,0.0,0.0,True
G.ES.2009.X2634_2.X2634_ARP1110.37139.GU362882,G,ES,Spain,Western Europe,2009,2009.5,Modern Once-Daily (2008-2014),0,,0.0,0.0,True
G.NG.2009.09NG_SC21.SC21.44203.JN248584,G,NG,Nigeria,Sub-Saharan Africa,2009,2009.5,Modern Once-Daily (2008-2014),0,,0.0,0.0,True
G.KE.2009.DEMG09KE001.00C210063.61401.KF716477,G,KE,Kenya,Sub-Saharan Africa,2009,2009.5,Modern Once-Daily (2008-2014),0,,0.0,0.0,True
G.GB.2013.15171_1_17.3.-.-.MF109647,G,GB,United Kingdom,Western Europe,2013,2013.5,Modern Once-Daily (2008-2014),0,,0.0,0.0,True
G.CN.2013.GZ8H3748.13.GZ8H3748.112774.MH431770,G,CN,China,Asia-Pacific,2013,2013.5,Modern Once-Daily (2008-2014),0,,0.0,0.0,True
G.ES.2014.ARP1201.ARP1201.82784.KT276261,G,ES,Spain,Western Europe,2014,2014.5,Modern Once-Daily (2008-2014),0,,0.0018552875695732839,0.0,True
G.CN.2016.224GX.-.-.KY275364,G,CN,China,Asia-Pacific,2016,2016.5,Universal Treat-All (2015-2023),0,,0.0,0.0,True
G.CN.2016.10818.10818.113528.MK254637,G,CN,China,Asia-Pacific,2016,2016.5,Universal Treat-All (2015-2023),0,,0.0006184291898577613,0.0,True
G.CN.2016.9835.9835.113530.MK254639,G,CN,China,Asia-Pacific,2016,2016.5,Universal Treat-All (2015-2023),0,,0.0012368583797155227,0.0,True
G.GH.2020.KBH36-GH.KBH36.156683.OQ121873,G,GH,Ghana,Sub-Saharan Africa,2020,2020.5,Universal Treat-All (2015-2023),0,,0.0,0.0,True
G.GH.2021.KBH86-GH.KBH86.156664.OQ121909,G,GH,Ghana,Sub-Saharan Africa,2021,2021.5,Universal Treat-All (2015-2023),0,,0.0,0.0,True
O.CM.1994.BCF06.BCF06.570.AB485666,O,CM,Cameroon,Sub-Saharan Africa,1994,1994.5,Pre-HAART (1978-1995),0,,0.0,0.0,True
O.CM.1994.LA50YBF16.YBF16.8523.KU168293,O,CM,Cameroon,Sub-Saharan Africa,1994,1994.5,Pre-HAART (1978-1995),0,,0.0,0.0,True
O.CM.1995.LA33YBF37.YBF37.8468.KU168285,O,CM,Cameroon,Sub-Saharan Africa,1995,1995.5,Pre-HAART (1978-1995),0,,0.0006184291898577613,0.0,True
O.CM.1996.96CMABB637.637.9491.AY169810,O,CM,Cameroon,Sub-Saharan Africa,1996,1996.5,Early HAART (1996-2001),0,,0.0024737167594310453,0.0,True
O.CM.1996.LA52YBF39.YBF39.8470.KU168295,O,CM,Cameroon,Sub-Saharan Africa,1996,1996.5,Early HAART (1996-2001),0,,0.0,0.0,True
O.SN.1999.99SE-MP1300.-.-.AJ302647,O,SN,Senegal,Sub-Saharan Africa,1999,1999.5,Early HAART (1996-2001),1,RT_181C,0.0,0.0,True
O.FR.2003.LA32RBF140.RBF140.83135.KU168284,O,FR,France,Western Europe,2003,2003.5,Boosted PI / NNRTI (2002-2007),0,,0.0,0.0,True
O.FR.2006.LA55RBF206.RBF206.83154.KU168298,O,FR,France,Western Europe,2006,2006.5,Boosted PI / NNRTI (2002-2007),0,,0.0,0.0,True
O.GA.2010.10Gab1190.Gab1190.55694.JX245014,O,GA,GA,Other,2010,2010.5,Modern Once-Daily (2008-2014),2,RT_181C;RT_188H,0.0,0.0,True
O.GA.2011.11Gab6352.Gab6352.55695.JX245015,O,GA,GA,Other,2011,2011.5,Modern Once-Daily (2008-2014),4,RT_41L;RT_184V;RT_215Y;RT_181C,0.0,0.0,True
