taxon_id,subtype,country,country_name,region,year,date_decimal,era,treatment_milestones,sdrm_count,sdrm_list,ambig_fraction,gap_fraction,is_anchor
B.US.1979.NYC12.NYC12.99373.KJ704789,B,US,United States,North America,1979,1979.5,Era 1: Pre-HAART / Monotherapy (1978-1995),"AZT monotherapy (1987), ddI/ddC, pre-triple therapy baseline",0,,0.0,0.0006184291898577613,True
B.FR.1983.IIIB_LAI.LAI.19535.A04321,B,FR,France,Western Europe,1983,1983.5,Era 1: Pre-HAART / Monotherapy (1978-1995),"AZT monotherapy (1987), ddI/ddC, pre-triple therapy baseline",0,,0.0,0.0,True
B.GB.1983.CAM1.CAM1.63.D10112,B,GB,United Kingdom,Western Europe,1983,1983.5,Era 1: Pre-HAART / Monotherapy (1978-1995),"AZT monotherapy (1987), ddI/ddC, pre-triple therapy baseline",0,,0.0,0.0,True
B.US.1983.RF_HAT3.RF.8.M17451,B,US,United States,North America,1983,1983.5,Era 1: Pre-HAART / Monotherapy (1978-1995),"AZT monotherapy (1987), ddI/ddC, pre-triple therapy baseline",0,,0.0,0.0,True
B.US.1983.SF2_LAV2_ARV2.ARV-2.148.K02007,B,US,United States,North America,1983,1983.5,Era 1: Pre-HAART / Monotherapy (1978-1995),"AZT monotherapy (1987), ddI/ddC, pre-triple therapy baseline",0,,0.0,0.0,True
B.US.1984.NY5CG.NY5.585.M38431,B,US,United States,North America,1984,1984.5,Era 1: Pre-HAART / Monotherapy (1978-1995),"AZT monotherapy (1987), ddI/ddC, pre-triple therapy baseline",0,,0.0,0.0,True
B.FR.1985.NL43xWC001.WC001.23079.AF003887,B,FR,France,Western Europe,1985,1985.5,Era 1: Pre-HAART / Monotherapy (1978-1995),"AZT monotherapy (1987), ddI/ddC, pre-triple therapy baseline",0,,0.0,0.0,True
B.FR.1985.NL43E9_LAI_IIIB_NY5.NL43.325.AF070521,B,FR,France,Western Europe,1985,1985.5,Era 1: Pre-HAART / Monotherapy (1978-1995),"AZT monotherapy (1987), ddI/ddC, pre-triple therapy baseline",1,RT_215I,0.0,0.0,True
B.US.1985.Ba_L.BAL.323.AB221005,B,US,United States,North America,1985,1985.5,Era 1: Pre-HAART / Monotherapy (1978-1995),"AZT monotherapy (1987), ddI/ddC, pre-triple therapy baseline",0,,0.0,0.0,True
B.ZA.1985.R84.R84.33480.FJ647145,B,ZA,South Africa,Sub-Saharan Africa,1985,1985.5,Era 1: Pre-HAART / Monotherapy (1978-1995),"AZT monotherapy (1987), ddI/ddC, pre-triple therapy baseline",0,,0.0,0.0,True
B.AU.1986.MBC200.MBC200.396.AF042100,B,AU,Australia,Asia-Pacific,1986,1986.5,Era 1: Pre-HAART / Monotherapy (1978-1995),"AZT monotherapy (1987), ddI/ddC, pre-triple therapy baseline",0,,0.0,0.0,True
B.DE.1986.D31.D31.4580.U43096,B,DE,Germany,Western Europe,1986,1986.5,Era 1: Pre-HAART / Monotherapy (1978-1995),"AZT monotherapy (1987), ddI/ddC, pre-triple therapy baseline",0,,0.0,0.0,True
B.DE.1986.HAN.HAN-2.47.U43141,B,DE,Germany,Western Europe,1986,1986.5,Era 1: Pre-HAART / Monotherapy (1978-1995),"AZT monotherapy (1987), ddI/ddC, pre-triple therapy baseline",0,,0.0,0.0,True
B.GB.1986.GB8_46R.GB8.579.AJ271445,B,GB,United Kingdom,Western Europe,1986,1986.5,Era 1: Pre-HAART / Monotherapy (1978-1995),"AZT monotherapy (1987), ddI/ddC, pre-triple therapy baseline",1,RT_215S,0.0,0.0,True
B.NL.1986.H434-8-A3.H434.13823.AY970946,B,NL,Netherlands,Western Europe,1986,1986.5,Era 1: Pre-HAART / Monotherapy (1978-1995),"AZT monotherapy (1987), ddI/ddC, pre-triple therapy baseline",0,,0.0,0.0,True
B.NL.1986.H0320_2A12_ACH3202A12.ACH320.421.U34603,B,NL,Netherlands,Western Europe,1986,1986.5,Era 1: Pre-HAART / Monotherapy (1978-1995),"AZT monotherapy (1987), ddI/ddC, pre-triple therapy baseline",0,,0.0,0.0,True
B.US.1986.YU-2.YU.4579.M93258,B,US,United States,North America,1986,1986.5,Era 1: Pre-HAART / Monotherapy (1978-1995),"AZT monotherapy (1987), ddI/ddC, pre-triple therapy baseline",0,,0.0,0.0,True
B.US.1986.JRCSF_JR_CSF.JR.629.M38429,B,US,United States,North America,1986,1986.5,Era 1: Pre-HAART / Monotherapy (1978-1995),"AZT monotherapy (1987), ddI/ddC, pre-triple therapy baseline",0,,0.0,0.0,True
B.AU.1987.MBC925.MBC925.141.AF042101,B,AU,Australia,Asia-Pacific,1987,1987.5,Era 1: Pre-HAART / Monotherapy (1978-1995),"AZT monotherapy (1987), ddI/ddC, pre-triple therapy baseline",0,,0.0,0.0,True
B.GA.1988.OYI_397.OYI.68.M26727,B,GA,GA,Other,1988,1988.5,Era 1: Pre-HAART / Monotherapy (1978-1995),"AZT monotherapy (1987), ddI/ddC, pre-triple therapy baseline",0,,0.0,0.0,True
B.ES.1989.S61I1.89ES061.587.AF256204,B,ES,Spain,Western Europe,1989,1989.5,Era 1: Pre-HAART / Monotherapy (1978-1995),"AZT monotherapy (1987), ddI/ddC, pre-triple therapy baseline",0,,0.0,0.0,True
B.BR.1990.BZ167.BZ167.10007.AB485641,B,BR,Brazil,Latin America & Caribbean,1990,1990.5,Era 1: Pre-HAART / Monotherapy (1978-1995),"AZT monotherapy (1987), ddI/ddC, pre-triple therapy baseline",0,,0.0,0.0,True
B.TH.1990.BK132.BK132.11224.AY173951,B,TH,Thailand,Asia-Pacific,1990,1990.5,Era 1: Pre-HAART / Monotherapy (1978-1995),"AZT monotherapy (1987), ddI/ddC, pre-triple therapy baseline",0,,0.0,0.0,True
B.US.1990.WEAU_flA11.WEAU0575.12255.FJ496158,B,US,United States,North America,1990,1990.5,Era 1: Pre-HAART / Monotherapy (1978-1995),"AZT monotherapy (1987), ddI/ddC, pre-triple therapy baseline",0,,0.0,0.0,True
B.US.1991.US2.US2.10010.AB485638,B,US,United States,North America,1991,1991.5,Era 1: Pre-HAART / Monotherapy (1978-1995),"AZT monotherapy (1987), ddI/ddC, pre-triple therapy baseline",0,,0.0,0.0,True
B.US.1991.SUMA_flC5.SUMA0874.9017.FJ496145,B,US,United States,North America,1991,1991.5,Era 1: Pre-HAART / Monotherapy (1978-1995),"AZT monotherapy (1987), ddI/ddC, pre-triple therapy baseline",0,,0.0006184291898577613,0.0,True
B.FR.1992.92FR_BX08.BX08.4006.AY713411,B,FR,France,Western Europe,1992,1992.5,Era 1: Pre-HAART / Monotherapy (1978-1995),"AZT monotherapy (1987), ddI/ddC, pre-triple therapy baseline",0,,0.0018552875695732839,0.0,True
B.KR.1992.92KSS12.KSS.10241.MN043587,B,KR,South Korea,Asia-Pacific,1992,1992.5,Era 1: Pre-HAART / Monotherapy (1978-1995),"AZT monotherapy (1987), ddI/ddC, pre-triple therapy baseline",0,,0.0,0.0,True
B.AU.1993.MBC18_MBCC18.C18.2570.AF042102,B,AU,Australia,Asia-Pacific,1993,1993.5,Era 1: Pre-HAART / Monotherapy (1978-1995),"AZT monotherapy (1987), ddI/ddC, pre-triple therapy baseline",0,,0.0,0.0,True
B.KR.1993.93KPS10.DNR-P(KPS).10211.MK577478,B,KR,South Korea,Asia-Pacific,1993,1993.5,Era 1: Pre-HAART / Monotherapy (1978-1995),"AZT monotherapy (1987), ddI/ddC, pre-triple therapy baseline",0,,0.0,0.0,True
B.KR.1993.93YEH1.YEH.45891.MN043592,B,KR,South Korea,Asia-Pacific,1993,1993.5,Era 1: Pre-HAART / Monotherapy (1978-1995),"AZT monotherapy (1987), ddI/ddC, pre-triple therapy baseline",0,,0.0,0.0,True
B.KR.1993.93PJA9.PJA.10256.MN043595,B,KR,South Korea,Asia-Pacific,1993,1993.5,Era 1: Pre-HAART / Monotherapy (1978-1995),"AZT monotherapy (1987), ddI/ddC, pre-triple therapy baseline",0,,0.0,0.0,True
B.US.1993.WCM32P0793.mother.21249.DQ487190,B,US,United States,North America,1993,1993.5,Era 1: Pre-HAART / Monotherapy (1978-1995),"AZT monotherapy (1987), ddI/ddC, pre-triple therapy baseline",0,,0.0,0.0,True
B.GB.1994.NIBSC-1.-.-.KJ019215,B,GB,United Kingdom,Western Europe,1994,1994.5,Era 1: Pre-HAART / Monotherapy (1978-1995),"AZT monotherapy (1987), ddI/ddC, pre-triple therapy baseline",2,RT_67N;RT_69D,0.0012368583797155227,0.0,True
B.TW.1994.TWCYS_LM49.LM49.4011.AF086817,B,TW,Taiwan,Asia-Pacific,1994,1994.5,Era 1: Pre-HAART / Monotherapy (1978-1995),"AZT monotherapy (1987), ddI/ddC, pre-triple therapy baseline",0,,0.0,0.0,True
B.AU.1995.MBCC54.C54.10796.AF042103,B,AU,Australia,Asia-Pacific,1995,1995.5,Era 1: Pre-HAART / Monotherapy (1978-1995),"AZT monotherapy (1987), ddI/ddC, pre-triple therapy baseline",1,PR_88D,0.0,0.0,True
B.AU.1995.C42.C42.4513.AF538305,B,AU,Australia,Asia-Pacific,1995,1995.5,Era 1: Pre-HAART / Monotherapy (1978-1995),"AZT monotherapy (1987), ddI/ddC, pre-triple therapy baseline",0,,0.0,0.0018552875695732839,True
B.AU.1995.C76.C76.4514.AF538306,B,AU,Australia,Asia-Pacific,1995,1995.5,Era 1: Pre-HAART / Monotherapy (1978-1995),"AZT monotherapy (1987), ddI/ddC, pre-triple therapy baseline",1,RT_184V,0.0,0.0,True
B.AU.1995.C92.C92.4515.AF538307,B,AU,Australia,Asia-Pacific,1995,1995.5,Era 1: Pre-HAART / Monotherapy (1978-1995),"AZT monotherapy (1987), ddI/ddC, pre-triple therapy baseline",0,,0.0,0.0,True
B.US.1995.USPI90770EI3y95061pcWG2B3.PIC90770.49636.JN024274,B,US,United States,North America,1995,1995.5,Era 1: Pre-HAART / Monotherapy (1978-1995),"AZT monotherapy (1987), ddI/ddC, pre-triple therapy baseline",0,,0.0,0.0,True
B.AU.1996.MBCD36.D36.12136.AF042105,B,AU,Australia,Asia-Pacific,1996,1996.5,Era 2: Early HAART / Unboosted PIs (1996-2001),"Triple therapy launch (1996), unboosted PIs (IDV, NFV), high pill burden, early resistance",0,,0.0,0.0,True
B.AU.1996.MBCC98.C98.10797.AF042104,B,AU,Australia,Asia-Pacific,1996,1996.5,Era 2: Early HAART / Unboosted PIs (1996-2001),"Triple therapy launch (1996), unboosted PIs (IDV, NFV), high pill burden, early resistance",0,,0.0,0.0,True
B.CA.1996.WC10P_1.WC10.3692.AY314044,B,CA,Canada,North America,1996,1996.5,Era 2: Early HAART / Unboosted PIs (1996-2001),"Triple therapy launch (1996), unboosted PIs (IDV, NFV), high pill burden, early resistance",2,RT_41L;RT_215Y,0.0,0.0,True
B.TH.1996.M140.M140.19194.DQ354112,B,TH,Thailand,Asia-Pacific,1996,1996.5,Era 2: Early HAART / Unboosted PIs (1996-2001),"Triple therapy launch (1996), unboosted PIs (IDV, NFV), high pill burden, early resistance",0,,0.0,0.0,True
B.US.1996.USPI55751EI18y96071pcWG2B2.PIC55751.49637.JN024422,B,US,United States,North America,1996,1996.5,Era 2: Early HAART / Unboosted PIs (1996-2001),"Triple therapy launch (1996), unboosted PIs (IDV, NFV), high pill burden, early resistance",0,,0.0,0.0,True
B.US.1997.ARES2.CS2.9760.AB078005,B,US,United States,North America,1997,1997.5,Era 2: Early HAART / Unboosted PIs (1996-2001),"Triple therapy launch (1996), unboosted PIs (IDV, NFV), high pill burden, early resistance",0,,0.0,0.0,True
B.CA.1998.CANC10FULL.CAN-C.13458.AY779557,B,CA,Canada,North America,1998,1998.5,Era 2: Early HAART / Unboosted PIs (1996-2001),"Triple therapy launch (1996), unboosted PIs (IDV, NFV), high pill burden, early resistance",9,PR_46I;PR_82A;RT_41L;RT_74V;RT_184V;RT_210W;RT_215Y;RT_188H;RT_190A,0.0,0.0,True
B.GE.1998.98GEMZ003.98GEMZ003.11225.DQ207943,B,GE,Georgia,Eastern Europe & Central Asia,1998,1998.5,Era 2: Early HAART / Unboosted PIs (1996-2001),"Triple therapy launch (1996), unboosted PIs (IDV, NFV), high pill burden, early resistance",0,,0.0,0.0,True
B.JP.1998.DR1120.0801-086.35092.AB480698,B,JP,Japan,Asia-Pacific,1998,1998.5,Era 2: Early HAART / Unboosted PIs (1996-2001),"Triple therapy launch (1996), unboosted PIs (IDV, NFV), high pill burden, early resistance",9,PR_54V;PR_73S;PR_82S;PR_90M;RT_41L;RT_67G;RT_184V;RT_210W;RT_215Y,0.0,0.0,True
B.ZA.1998.TV016.TV016.1102.KJ948656,B,ZA,South Africa,Sub-Saharan Africa,1998,1998.5,Era 2: Early HAART / Unboosted PIs (1996-2001),"Triple therapy launch (1996), unboosted PIs (IDV, NFV), high pill burden, early resistance",1,PR_46L,0.0,0.0,True
B.AU.1999.1182.1182.4511.AF538303,B,AU,Australia,Asia-Pacific,1999,1999.5,Era 2: Early HAART / Unboosted PIs (1996-2001),"Triple therapy launch (1996), unboosted PIs (IDV, NFV), high pill burden, early resistance",0,,0.0,0.0,True
B.BO.1999.BOL0122.BOL122.1685.AY037270,B,BO,BO,Other,1999,1999.5,Era 2: Early HAART / Unboosted PIs (1996-2001),"Triple therapy launch (1996), unboosted PIs (IDV, NFV), high pill burden, early resistance",0,,0.0,0.0,True
B.JP.1999.DR1348.NH0801-076.13767.AB287369,B,JP,Japan,Asia-Pacific,1999,1999.5,Era 2: Early HAART / Unboosted PIs (1996-2001),"Triple therapy launch (1996), unboosted PIs (IDV, NFV), high pill burden, early resistance",9,PR_48V;PR_54V;PR_82A;PR_90M;RT_41L;RT_67N;RT_210W;RT_215Y;RT_101E,0.0,0.0,True
B.MM.1999.mSTD101.101.3279.AB097870,B,MM,MM,Other,1999,1999.5,Era 2: Early HAART / Unboosted PIs (1996-2001),"Triple therapy launch (1996), unboosted PIs (IDV, NFV), high pill burden, early resistance",3,RT_67N;RT_70R;RT_215Y,0.0,0.0,True
B.UY.1999.99UY_TRA0177.TRA0177.44239.JN235965,B,UY,Uruguay,Latin America & Caribbean,1999,1999.5,Era 2: Early HAART / Unboosted PIs (1996-2001),"Triple therapy launch (1996), unboosted PIs (IDV, NFV), high pill burden, early resistance",0,,0.0006184291898577613,0.0,True
B.-.2000.LA02FolC.FolC.87937.KU168257,B,-,-,Other,2000,2000.5,Era 2: Early HAART / Unboosted PIs (1996-2001),"Triple therapy launch (1996), unboosted PIs (IDV, NFV), high pill burden, early resistance",3,RT_219Q;RT_103N;RT_225H,0.0,0.0,True
B.AR.2000.85096FL_2000.85096.110587.KY968401,B,AR,Argentina,Latin America & Caribbean,2000,2000.5,Era 2: Early HAART / Unboosted PIs (1996-2001),"Triple therapy launch (1996), unboosted PIs (IDV, NFV), high pill burden, early resistance",0,,0.0,0.0,True
B.AR.2000.86218FL_2000.86218.110814.KY968404,B,AR,Argentina,Latin America & Caribbean,2000,2000.5,Era 2: Early HAART / Unboosted PIs (1996-2001),"Triple therapy launch (1996), unboosted PIs (IDV, NFV), high pill burden, early resistance",0,,0.0,0.0,True
B.AU.2000.P2_PBMC_BSL_002.P2.123838.OK532864,B,AU,Australia,Asia-Pacific,2000,2000.5,Era 2: Early HAART / Unboosted PIs (1996-2001),"Triple therapy launch (1996), unboosted PIs (IDV, NFV), high pill burden, early resistance",0,,0.0,0.0,True
B.CH.2000.HIV_CH_BID-V3529_2000.-.-.JQ403022,B,CH,Switzerland,Western Europe,2000,2000.5,Era 2: Early HAART / Unboosted PIs (1996-2001),"Triple therapy launch (1996), unboosted PIs (IDV, NFV), high pill burden, early resistance",0,,0.0,0.0,True
B.JP.2000.DR2508.2508.16098.AB289587,B,JP,Japan,Asia-Pacific,2000,2000.5,Era 2: Early HAART / Unboosted PIs (1996-2001),"Triple therapy launch (1996), unboosted PIs (IDV, NFV), high pill burden, early resistance",10,PR_46I;PR_53L;PR_82T;PR_88S;PR_90M;RT_41L;RT_67N;RT_70R;RT_215F;RT_219Q,0.0,0.0,True
B.JP.2000.117.117.28453.AB428551,B,JP,Japan,Asia-Pacific,2000,2000.5,Era 2: Early HAART / Unboosted PIs (1996-2001),"Triple therapy launch (1996), unboosted PIs (IDV, NFV), high pill burden, early resistance",1,PR_46I,0.0,0.0,True
B.TT.2000.00TT_CRC08767.08767.30038.EU839606,B,TT,Trinidad and Tobago,Latin America & Caribbean,2000,2000.5,Era 2: Early HAART / Unboosted PIs (1996-2001),"Triple therapy launch (1996), unboosted PIs (IDV, NFV), high pill burden, early resistance",0,,0.004329004329004329,0.0,True
B.TT.2000.00TT_CRC50018.50018.30041.EU839607,B,TT,Trinidad and Tobago,Latin America & Caribbean,2000,2000.5,Era 2: Early HAART / Unboosted PIs (1996-2001),"Triple therapy launch (1996), unboosted PIs (IDV, NFV), high pill burden, early resistance",0,,0.0018552875695732839,0.0,True
B.US.2000.WITO_flA1.WITO4160.10578.FJ496167,B,US,United States,North America,2000,2000.5,Era 2: Early HAART / Unboosted PIs (1996-2001),"Triple therapy launch (1996), unboosted PIs (IDV, NFV), high pill burden, early resistance",0,,0.0,0.0,True
B.ZA.2000.TV047.TV047.27751.KJ948657,B,ZA,South Africa,Sub-Saharan Africa,2000,2000.5,Era 2: Early HAART / Unboosted PIs (1996-2001),"Triple therapy launch (1996), unboosted PIs (IDV, NFV), high pill burden, early resistance",0,,0.0024737167594310453,0.0,True
B.AR.2001.101815FL_2001.101815.110748.KY968394,B,AR,Argentina,Latin America & Caribbean,2001,2001.5,Era 2: Early HAART / Unboosted PIs (1996-2001),"Triple therapy launch (1996), unboosted PIs (IDV, NFV), high pill burden, early resistance",0,,0.0,0.0,True
B.AR.2001.107878FL_2001.107878.110752.KY968395,B,AR,Argentina,Latin America & Caribbean,2001,2001.5,Era 2: Early HAART / Unboosted PIs (1996-2001),"Triple therapy launch (1996), unboosted PIs (IDV, NFV), high pill burden, early resistance",0,,0.0006184291898577613,0.0,True
B.CH.2001.HIV_CH_BID-V3531_2001.-.-.JQ403024,B,CH,Switzerland,Western Europe,2001,2001.5,Era 2: Early HAART / Unboosted PIs (1996-2001),"Triple therapy launch (1996), unboosted PIs (IDV, NFV), high pill burden, early resistance",0,,0.0,0.0,True
B.CH.2001.HIV_CH_BID-V3533_2001.-.-.JQ403025,B,CH,Switzerland,Western Europe,2001,2001.5,Era 2: Early HAART / Unboosted PIs (1996-2001),"Triple therapy launch (1996), unboosted PIs (IDV, NFV), high pill burden, early resistance",0,,0.0,0.0,True
B.CH.2001.HIV_CH_BID-V3534_2001.-.-.JQ403026,B,CH,Switzerland,Western Europe,2001,2001.5,Era 2: Early HAART / Unboosted PIs (1996-2001),"Triple therapy launch (1996), unboosted PIs (IDV, NFV), high pill burden, early resistance",0,,0.0,0.0,True
B.CO.2001.PCM001.PCM001.4629.AY561236,B,CO,Colombia,Latin America & Caribbean,2001,2001.5,Era 2: Early HAART / Unboosted PIs (1996-2001),"Triple therapy launch (1996), unboosted PIs (IDV, NFV), high pill burden, early resistance",0,,0.0,0.0,True
B.CO.2001.PCM039.PCM039.4631.AY561239,B,CO,Colombia,Latin America & Caribbean,2001,2001.5,Era 2: Early HAART / Unboosted PIs (1996-2001),"Triple therapy launch (1996), unboosted PIs (IDV, NFV), high pill burden, early resistance",0,,0.0,0.0,True
B.CO.2001.PCM074.PCM074.4632.AY561240,B,CO,Colombia,Latin America & Caribbean,2001,2001.5,Era 2: Early HAART / Unboosted PIs (1996-2001),"Triple therapy launch (1996), unboosted PIs (IDV, NFV), high pill burden, early resistance",0,,0.0024737167594310453,0.0024737167594310453,True
B.DK.2001.CTL_016.CTL-016.28499.EF514704,B,DK,Denmark,Western Europe,2001,2001.5,Era 2: Early HAART / Unboosted PIs (1996-2001),"Triple therapy launch (1996), unboosted PIs (IDV, NFV), high pill burden, early resistance",0,,0.0,0.0,True
B.DK.2001.CTL_018.CTL-018.28493.EF514706,B,DK,Denmark,Western Europe,2001,2001.5,Era 2: Early HAART / Unboosted PIs (1996-2001),"Triple therapy launch (1996), unboosted PIs (IDV, NFV), high pill burden, early resistance",0,,0.0006184291898577613,0.0,True
B.JP.2001.DR388.388.16099.AB289589,B,JP,Japan,Asia-Pacific,2001,2001.5,Era 2: Early HAART / Unboosted PIs (1996-2001),"Triple therapy launch (1996), unboosted PIs (IDV, NFV), high pill burden, early resistance",11,PR_30N;PR_46I;PR_54L;PR_84V;PR_85V;PR_88D;PR_90M;RT_67N;RT_70R;RT_215F;RT_219Q,0.0,0.0,True
B.TT.2001.01TT_CRC50069.50069.30044.EU839608,B,TT,Trinidad and Tobago,Latin America & Caribbean,2001,2001.5,Era 2: Early HAART / Unboosted PIs (1996-2001),"Triple therapy launch (1996), unboosted PIs (IDV, NFV), high pill burden, early resistance",0,,0.0037105751391465678,0.0,True
B.UA.2001.01UAKV259.KV259.15803.DQ823364,B,UA,Ukraine,Eastern Europe & Central Asia,2001,2001.5,Era 2: Early HAART / Unboosted PIs (1996-2001),"Triple therapy launch (1996), unboosted PIs (IDV, NFV), high pill burden, early resistance",0,,0.0,0.0,True
B.US.2001.REJO_TF1.REJO4541.27174.JN944911,B,US,United States,North America,2001,2001.5,Era 2: Early HAART / Unboosted PIs (1996-2001),"Triple therapy launch (1996), unboosted PIs (IDV, NFV), high pill burden, early resistance",0,,0.0,0.0,True
B.-.2002.LA04GuFu.GuFu.87922.KU168259,B,-,-,Other,2002,2002.5,Era 3: Boosted PI / NNRTI (2002-2007),"LPV/r, ATV, EFV first-line, CD4 < 200-350 cells/uL initiation guidelines",11,PR_54V;PR_73S;PR_82F;PR_84V;PR_90M;RT_41L;RT_67N;RT_69D;RT_184V;RT_210W;RT_215Y,0.0,0.0,True
B.AU.2002.PS2008_Day0.2008.13651.DQ676874,B,AU,Australia,Asia-Pacific,2002,2002.5,Era 3: Boosted PI / NNRTI (2002-2007),"LPV/r, ATV, EFV first-line, CD4 < 200-350 cells/uL initiation guidelines",0,,0.0018552875695732839,0.0,True
B.BR.2002.02BR2041.2041.104136.JN692443,B,BR,Brazil,Latin America & Caribbean,2002,2002.5,Era 3: Boosted PI / NNRTI (2002-2007),"LPV/r, ATV, EFV first-line, CD4 < 200-350 cells/uL initiation guidelines",0,,0.0,0.0,True
B.BR.2002.02BR2042.2042.104093.JN692444,B,BR,Brazil,Latin America & Caribbean,2002,2002.5,Era 3: Boosted PI / NNRTI (2002-2007),"LPV/r, ATV, EFV first-line, CD4 < 200-350 cells/uL initiation guidelines",0,,0.0,0.0,True
B.CH.2002.HIV_CH_BID-V3511_2002.-.-.JQ403019,B,CH,Switzerland,Western Europe,2002,2002.5,Era 3: Boosted PI / NNRTI (2002-2007),"LPV/r, ATV, EFV first-line, CD4 < 200-350 cells/uL initiation guidelines",0,,0.0,0.0,True
B.JP.2002.194.194.28455.AB428553,B,JP,Japan,Asia-Pacific,2002,2002.5,Era 3: Boosted PI / NNRTI (2002-2007),"LPV/r, ATV, EFV first-line, CD4 < 200-350 cells/uL initiation guidelines",1,PR_46I,0.0,0.0,True
B.PY.2002.02PY_PSP0019.PSP0019.44212.JN251896,B,PY,PY,Other,2002,2002.5,Era 3: Boosted PI / NNRTI (2002-2007),"LPV/r, ATV, EFV first-line, CD4 < 200-350 cells/uL initiation guidelines",0,,0.0006184291898577613,0.0,True
B.YE.2002.02YE507.02YE507.8013.AY795904,B,YE,YE,Other,2002,2002.5,Era 3: Boosted PI / NNRTI (2002-2007),"LPV/r, ATV, EFV first-line, CD4 < 200-350 cells/uL initiation guidelines",0,,0.0,0.0,True
B.ZA.2002.TV1057.TV1057.74883.KJ948660,B,ZA,South Africa,Sub-Saharan Africa,2002,2002.5,Era 3: Boosted PI / NNRTI (2002-2007),"LPV/r, ATV, EFV first-line, CD4 < 200-350 cells/uL initiation guidelines",1,PR_46L,0.0,0.0,True
B.-.2003.LA05MeAl.MeAl.87945.KU168260,B,-,-,Other,2003,2003.5,Era 3: Boosted PI / NNRTI (2002-2007),"LPV/r, ATV, EFV first-line, CD4 < 200-350 cells/uL initiation guidelines",13,PR_32I;PR_47V;PR_54M;PR_82M;PR_90M;RT_41L;RT_67N;RT_74I;RT_210W;RT_215Y;RT_219N;RT_100I;RT_103N,0.0,0.0,True
B.BR.2003.03BR1046.1046.104115.JN692447,B,BR,Brazil,Latin America & Caribbean,2003,2003.5,Era 3: Boosted PI / NNRTI (2002-2007),"LPV/r, ATV, EFV first-line, CD4 < 200-350 cells/uL initiation guidelines",0,,0.0,0.0,True
B.DE.2003.HIV_DE_BID-V3307_2003.V3307.71089.JQ403048,B,DE,Germany,Western Europe,2003,2003.5,Era 3: Boosted PI / NNRTI (2002-2007),"LPV/r, ATV, EFV first-line, CD4 < 200-350 cells/uL initiation guidelines",1,RT_77L,0.0,0.0018552875695732839,True
B.FR.2003.LA06ToXa.ToXa.87942.KU168261,B,FR,France,Western Europe,2003,2003.5,Era 3: Boosted PI / NNRTI (2002-2007),"LPV/r, ATV, EFV first-line, CD4 < 200-350 cells/uL initiation guidelines",3,PR_90M;RT_215Y;RT_103N,0.0,0.0,True
B.GE.2003.03GEMZ004.03GEMZ004.11375.DQ207940,B,GE,Georgia,Eastern Europe & Central Asia,2003,2003.5,Era 3: Boosted PI / NNRTI (2002-2007),"LPV/r, ATV, EFV first-line, CD4 < 200-350 cells/uL initiation guidelines",0,,0.0006184291898577613,0.0,True
B.KR.2003.HP-15_03LSW3_6491.HP-15(Lsw).24095.KJ140260,B,KR,South Korea,Asia-Pacific,2003,2003.5,Era 3: Boosted PI / NNRTI (2002-2007),"LPV/r, ATV, EFV first-line, CD4 < 200-350 cells/uL initiation guidelines",0,,0.0,0.0,True
B.SE.2003.003SE.pt003.104850.MF373125,B,SE,Sweden,Western Europe,2003,2003.5,Era 3: Boosted PI / NNRTI (2002-2007),"LPV/r, ATV, EFV first-line, CD4 < 200-350 cells/uL initiation guidelines",0,,0.0,0.0,True
B.ZA.2003.03ZAPS045MB2.045MB.29767.DQ396398,B,ZA,South Africa,Sub-Saharan Africa,2003,2003.5,Era 3: Boosted PI / NNRTI (2002-2007),"LPV/r, ATV, EFV first-line, CD4 < 200-350 cells/uL initiation guidelines",0,,0.0,0.0,True
B.DE.2004.9213_V4136_d3.9213.51327.JQ403050,B,DE,Germany,Western Europe,2004,2004.5,Era 3: Boosted PI / NNRTI (2002-2007),"LPV/r, ATV, EFV first-line, CD4 < 200-350 cells/uL initiation guidelines",1,RT_103N,0.0,0.0,True
B.DK.2004.PMVL_013.PMVL-013.28487.EF514700,B,DK,Denmark,Western Europe,2004,2004.5,Era 3: Boosted PI / NNRTI (2002-2007),"LPV/r, ATV, EFV first-line, CD4 < 200-350 cells/uL initiation guidelines",0,,0.0,0.0,True
B.GB.2004.MM42d22_GN1.MM42.36105.HM586198,B,GB,United Kingdom,Western Europe,2004,2004.5,Era 3: Boosted PI / NNRTI (2002-2007),"LPV/r, ATV, EFV first-line, CD4 < 200-350 cells/uL initiation guidelines",0,,0.0,0.0,True
B.JP.2004.DR6089.6089.15847.AB286955,B,JP,Japan,Asia-Pacific,2004,2004.5,Era 3: Boosted PI / NNRTI (2002-2007),"LPV/r, ATV, EFV first-line, CD4 < 200-350 cells/uL initiation guidelines",0,,0.0,0.0,True
B.RU.2004.04RU139089.139089.14402.AY751407,B,RU,Russia,Eastern Europe & Central Asia,2004,2004.5,Era 3: Boosted PI / NNRTI (2002-2007),"LPV/r, ATV, EFV first-line, CD4 < 200-350 cells/uL initiation guidelines",0,,0.0,0.0,True
B.TH.2004.04TH821921.-.-.JN248337,B,TH,Thailand,Asia-Pacific,2004,2004.5,Era 3: Boosted PI / NNRTI (2002-2007),"LPV/r, ATV, EFV first-line, CD4 < 200-350 cells/uL initiation guidelines",0,,0.0,0.0,True
B.DO.2005.05DO_162387.162387.30040.EU839596,B,DO,Dominican Republic,Latin America & Caribbean,2005,2005.5,Era 3: Boosted PI / NNRTI (2002-2007),"LPV/r, ATV, EFV first-line, CD4 < 200-350 cells/uL initiation guidelines",0,,0.006184291898577613,0.0,True
B.DO.2005.05DO_160884.160884.30036.EU839597,B,DO,Dominican Republic,Latin America & Caribbean,2005,2005.5,Era 3: Boosted PI / NNRTI (2002-2007),"LPV/r, ATV, EFV first-line, CD4 < 200-350 cells/uL initiation guidelines",0,,0.008039579468150896,0.0,True
B.DO.2005.05DO_163007.163007.30048.EU839598,B,DO,Dominican Republic,Latin America & Caribbean,2005,2005.5,Era 3: Boosted PI / NNRTI (2002-2007),"LPV/r, ATV, EFV first-line, CD4 < 200-350 cells/uL initiation guidelines",0,,0.0024737167594310453,0.0,True
B.HT.2005.05HT_129805.129805.30049.EU839604,B,HT,Haiti,Latin America & Caribbean,2005,2005.5,Era 3: Boosted PI / NNRTI (2002-2007),"LPV/r, ATV, EFV first-line, CD4 < 200-350 cells/uL initiation guidelines",0,,0.010513296227581941,0.0,True
B.JM.2005.05JM_KJ108.KJ108.30047.EU839605,B,JM,Jamaica,Latin America & Caribbean,2005,2005.5,Era 3: Boosted PI / NNRTI (2002-2007),"LPV/r, ATV, EFV first-line, CD4 < 200-350 cells/uL initiation guidelines",0,,0.004329004329004329,0.0,True
B.JP.2005.DR7065.-.-.AB287368,B,JP,Japan,Asia-Pacific,2005,2005.5,Era 3: Boosted PI / NNRTI (2002-2007),"LPV/r, ATV, EFV first-line, CD4 < 200-350 cells/uL initiation guidelines",0,,0.0,0.0,True
B.TH.2005.05TH356883.-.-.JN248345,B,TH,Thailand,Asia-Pacific,2005,2005.5,Era 3: Boosted PI / NNRTI (2002-2007),"LPV/r, ATV, EFV first-line, CD4 < 200-350 cells/uL initiation guidelines",0,,0.0,0.0,True
B.TH.2005.05TH355614.-.-.JN248343,B,TH,Thailand,Asia-Pacific,2005,2005.5,Era 3: Boosted PI / NNRTI (2002-2007),"LPV/r, ATV, EFV first-line, CD4 < 200-350 cells/uL initiation guidelines",0,,0.0,0.0,True
B.US.2005.502_1926_FL01.502-1926.39691.JF320361,B,US,United States,North America,2005,2005.5,Era 3: Boosted PI / NNRTI (2002-2007),"LPV/r, ATV, EFV first-line, CD4 < 200-350 cells/uL initiation guidelines",0,,0.0,0.0037105751391465678,True
B.CA.2006.502_1799_FL02.502-1799.39676.JF320427,B,CA,Canada,North America,2006,2006.5,Era 3: Boosted PI / NNRTI (2002-2007),"LPV/r, ATV, EFV first-line, CD4 < 200-350 cells/uL initiation guidelines",1,RT_103N,0.0,0.0,True
B.ES.2006.R14.R14.82804.KT200350,B,ES,Spain,Western Europe,2006,2006.5,Era 3: Boosted PI / NNRTI (2002-2007),"LPV/r, ATV, EFV first-line, CD4 < 200-350 cells/uL initiation guidelines",0,,0.0,0.0,True
B.PE.2006.502_0524_FL04.502-0524.39741.JF320008,B,PE,Peru,Latin America & Caribbean,2006,2006.5,Era 3: Boosted PI / NNRTI (2002-2007),"LPV/r, ATV, EFV first-line, CD4 < 200-350 cells/uL initiation guidelines",0,,0.0,0.0,True
B.PE.2006.502_0491_wg5.502-0491.39708.JF320183,B,PE,Peru,Latin America & Caribbean,2006,2006.5,Era 3: Boosted PI / NNRTI (2002-2007),"LPV/r, ATV, EFV first-line, CD4 < 200-350 cells/uL initiation guidelines",0,,0.0012368583797155227,0.0018552875695732839,True
B.US.2006.502_1512_FL01.502-1512.39618.JF320356,B,US,United States,North America,2006,2006.5,Era 3: Boosted PI / NNRTI (2002-2007),"LPV/r, ATV, EFV first-line, CD4 < 200-350 cells/uL initiation guidelines",0,,0.0,0.0,True
B.US.2006.502_0176_FL06.502-0176.39593.JF320363,B,US,United States,North America,2006,2006.5,Era 3: Boosted PI / NNRTI (2002-2007),"LPV/r, ATV, EFV first-line, CD4 < 200-350 cells/uL initiation guidelines",0,,0.0,0.0,True
B.CN.2007.JL070038.-.-.JF932490,B,CN,China,Asia-Pacific,2007,2007.5,Era 3: Boosted PI / NNRTI (2002-2007),"LPV/r, ATV, EFV first-line, CD4 < 200-350 cells/uL initiation guidelines",0,,0.0,0.0,True
B.CY.2007.CY194.CY194.40254.JF683746,B,CY,Cyprus,Western Europe,2007,2007.5,Era 3: Boosted PI / NNRTI (2002-2007),"LPV/r, ATV, EFV first-line, CD4 < 200-350 cells/uL initiation guidelines",0,,0.0,0.0,True
B.CY.2007.CY216.CY216.40255.JF683765,B,CY,Cyprus,Western Europe,2007,2007.5,Era 3: Boosted PI / NNRTI (2002-2007),"LPV/r, ATV, EFV first-line, CD4 < 200-350 cells/uL initiation guidelines",0,,0.0,0.0,True
B.ES.2007.X2210_3.2210.32954.EU786679,B,ES,Spain,Western Europe,2007,2007.5,Era 3: Boosted PI / NNRTI (2002-2007),"LPV/r, ATV, EFV first-line, CD4 < 200-350 cells/uL initiation guidelines",0,,0.0,0.0,True
B.PE.2007.502_1399_wg6.502-1399.39713.JF320012,B,PE,Peru,Latin America & Caribbean,2007,2007.5,Era 3: Boosted PI / NNRTI (2002-2007),"LPV/r, ATV, EFV first-line, CD4 < 200-350 cells/uL initiation guidelines",0,,0.0,0.0,True
B.PE.2007.502_2649_wg2.502-2649.39652.JF320017,B,PE,Peru,Latin America & Caribbean,2007,2007.5,Era 3: Boosted PI / NNRTI (2002-2007),"LPV/r, ATV, EFV first-line, CD4 < 200-350 cells/uL initiation guidelines",0,,0.0,0.0,True
B.PE.2007.502_2254_FL6.502-2254.39754.JF320018,B,PE,Peru,Latin America & Caribbean,2007,2007.5,Era 3: Boosted PI / NNRTI (2002-2007),"LPV/r, ATV, EFV first-line, CD4 < 200-350 cells/uL initiation guidelines",0,,0.0,0.0,True
B.BG.2008.P_08_001.-.-.MH746266,B,BG,BG,Other,2008,2008.5,Era 4: Modern Once-Daily / Early INSTI (2008-2014),"Atripla once-daily, RAL approval, Truvada PrEP (2012), CD4 < 500 guidelines",0,,0.0,0.0,True
B.BG.2008.P_08_004.-.-.MH746265,B,BG,BG,Other,2008,2008.5,Era 4: Modern Once-Daily / Early INSTI (2008-2014),"Atripla once-daily, RAL approval, Truvada PrEP (2012), CD4 < 500 guidelines",1,RT_41L,0.0,0.0,True
B.CN.2008.1106.1106.41306.HQ215554,B,CN,China,Asia-Pacific,2008,2008.5,Era 4: Modern Once-Daily / Early INSTI (2008-2014),"Atripla once-daily, RAL approval, Truvada PrEP (2012), CD4 < 500 guidelines",0,,0.0,0.0,True
B.GB.2008.DEMB08UK003.713080258.102629.KY658697,B,GB,United Kingdom,Western Europe,2008,2008.5,Era 4: Modern Once-Daily / Early INSTI (2008-2014),"Atripla once-daily, RAL approval, Truvada PrEP (2012), CD4 < 500 guidelines",0,,0.0,0.0,True
B.JP.2008.NMC104_clone_01.NMC104.55487.AB731663,B,JP,Japan,Asia-Pacific,2008,2008.5,Era 4: Modern Once-Daily / Early INSTI (2008-2014),"Atripla once-daily, RAL approval, Truvada PrEP (2012), CD4 < 500 guidelines",12,PR_32I;PR_46I;PR_54L;PR_73S;PR_82T;PR_85V;PR_90M;RT_41L;RT_184I;RT_210W;RT_215Y;RT_103S,0.0,0.0,True
B.SE.2008.028SE.pt028.104861.MF373142,B,SE,Sweden,Western Europe,2008,2008.5,Era 4: Modern Once-Daily / Early INSTI (2008-2014),"Atripla once-daily, RAL approval, Truvada PrEP (2012), CD4 < 500 guidelines",0,,0.0,0.0,True
B.BG.2009.V_09_013.-.-.MH746254,B,BG,BG,Other,2009,2009.5,Era 4: Modern Once-Daily / Early INSTI (2008-2014),"Atripla once-daily, RAL approval, Truvada PrEP (2012), CD4 < 500 guidelines",0,,0.0,0.0,True
B.CY.2009.CY263.CY263.40271.JF683805,B,CY,Cyprus,Western Europe,2009,2009.5,Era 4: Modern Once-Daily / Early INSTI (2008-2014),"Atripla once-daily, RAL approval, Truvada PrEP (2012), CD4 < 500 guidelines",0,,0.0,0.0,True
B.CY.2009.CY266.CY266.40230.JF683807,B,CY,Cyprus,Western Europe,2009,2009.5,Era 4: Modern Once-Daily / Early INSTI (2008-2014),"Atripla once-daily, RAL approval, Truvada PrEP (2012), CD4 < 500 guidelines",0,,0.0,0.0,True
B.JP.2009.NMC851A_clone_14.NMC851.55488.AB731665,B,JP,Japan,Asia-Pacific,2009,2009.5,Era 4: Modern Once-Daily / Early INSTI (2008-2014),"Atripla once-daily, RAL approval, Truvada PrEP (2012), CD4 < 500 guidelines",1,PR_46I,0.0,0.0,True
B.JP.2009.NMC127_clone_07.NMC127.55489.AB731667,B,JP,Japan,Asia-Pacific,2009,2009.5,Era 4: Modern Once-Daily / Early INSTI (2008-2014),"Atripla once-daily, RAL approval, Truvada PrEP (2012), CD4 < 500 guidelines",11,PR_32I;PR_46I;PR_47V;PR_54L;PR_84V;RT_41L;RT_67N;RT_70R;RT_184V;RT_215F;RT_219Q,0.0,0.0,True
B.RU.2009.09RU4457.4457.53208.JX500709,B,RU,Russia,Eastern Europe & Central Asia,2009,2009.5,Era 4: Modern Once-Daily / Early INSTI (2008-2014),"Atripla once-daily, RAL approval, Truvada PrEP (2012), CD4 < 500 guidelines",0,,0.0,0.0,True
B.ZA.2009.DEMB09ZA022.DE09ZA022.78294.KP109515,B,ZA,South Africa,Sub-Saharan Africa,2009,2009.5,Era 4: Modern Once-Daily / Early INSTI (2008-2014),"Atripla once-daily, RAL approval, Truvada PrEP (2012), CD4 < 500 guidelines",3,RT_67N;RT_219Q;RT_103N,0.0,0.0,True
B.BR.2010.10BR_RJ098.-.-.KT427756,B,BR,Brazil,Latin America & Caribbean,2010,2010.5,Era 4: Modern Once-Daily / Early INSTI (2008-2014),"Atripla once-daily, RAL approval, Truvada PrEP (2012), CD4 < 500 guidelines",0,,0.0,0.0,True
B.BR.2010.10BR_RJ097.-.-.KT427757,B,BR,Brazil,Latin America & Caribbean,2010,2010.5,Era 4: Modern Once-Daily / Early INSTI (2008-2014),"Atripla once-daily, RAL approval, Truvada PrEP (2012), CD4 < 500 guidelines",0,,0.0,0.0,True
B.BR.2010.10BR_RJ090.-.-.KT427761,B,BR,Brazil,Latin America & Caribbean,2010,2010.5,Era 4: Modern Once-Daily / Early INSTI (2008-2014),"Atripla once-daily, RAL approval, Truvada PrEP (2012), CD4 < 500 guidelines",0,,0.0,0.0006184291898577613,True
B.BR.2010.10BR_RJ089.-.-.KT427762,B,BR,Brazil,Latin America & Caribbean,2010,2010.5,Era 4: Modern Once-Daily / Early INSTI (2008-2014),"Atripla once-daily, RAL approval, Truvada PrEP (2012), CD4 < 500 guidelines",0,,0.0,0.0,True
B.DO.2011.DEMB11DR001.144207327.102650.KY658702,B,DO,Dominican Republic,Latin America & Caribbean,2011,2011.5,Era 4: Modern Once-Daily / Early INSTI (2008-2014),"Atripla once-daily, RAL approval, Truvada PrEP (2012), CD4 < 500 guidelines",1,RT_103S,0.0,0.0,True
B.HT.2011.DEURF11HT001.141200627.112642.MH078551,B,HT,Haiti,Latin America & Caribbean,2011,2011.5,Era 4: Modern Once-Daily / Early INSTI (2008-2014),"Atripla once-daily, RAL approval, Truvada PrEP (2012), CD4 < 500 guidelines",0,,0.0,0.0,True
B.JP.2011.DEMB11JP002.11152.61379.KF716497,B,JP,Japan,Asia-Pacific,2011,2011.5,Era 4: Modern Once-Daily / Early INSTI (2008-2014),"Atripla once-daily, RAL approval, Truvada PrEP (2012), CD4 < 500 guidelines",1,PR_85V,0.0,0.0,True
B.SE.2011.059SE.pt059.104815.MF373162,B,SE,Sweden,Western Europe,2011,2011.5,Era 4: Modern Once-Daily / Early INSTI (2008-2014),"Atripla once-daily, RAL approval, Truvada PrEP (2012), CD4 < 500 guidelines",0,,0.0,0.0,True
B.US.2011.505_0071a.WG07.505_0071.109797.MG196663,B,US,United States,North America,2011,2011.5,Era 4: Modern Once-Daily / Early INSTI (2008-2014),"Atripla once-daily, RAL approval, Truvada PrEP (2012), CD4 < 500 guidelines",0,,0.0,0.0,True
B.DE.2013.947915.947915.89897.KT124808,B,DE,Germany,Western Europe,2013,2013.5,Era 4: Modern Once-Daily / Early INSTI (2008-2014),"Atripla once-daily, RAL approval, Truvada PrEP (2012), CD4 < 500 guidelines",0,,0.0,0.0,True
B.PE.2013.DEMB13PE010.917802659.112653.MH078552,B,PE,Peru,Latin America & Caribbean,2013,2013.5,Era 4: Modern Once-Daily / Early INSTI (2008-2014),"Atripla once-daily, RAL approval, Truvada PrEP (2012), CD4 < 500 guidelines",0,,0.0,0.0,True
B.SI.2013.Sample43_SI378.-.-.MN736704,B,SI,Slovenia,Eastern Europe & Central Asia,2013,2013.5,Era 4: Modern Once-Daily / Early INSTI (2008-2014),"Atripla once-daily, RAL approval, Truvada PrEP (2012), CD4 < 500 guidelines",0,,0.0,0.0,True
B.TH.2013.2544072P000FL_Sd.4072.115353.MG989506,B,TH,Thailand,Asia-Pacific,2013,2013.5,Era 4: Modern Once-Daily / Early INSTI (2008-2014),"Atripla once-daily, RAL approval, Truvada PrEP (2012), CD4 < 500 guidelines",0,,0.0,0.0,True
B.US.2013.505_0280a.WG04.505_0280.109833.MG196711,B,US,United States,North America,2013,2013.5,Era 4: Modern Once-Daily / Early INSTI (2008-2014),"Atripla once-daily, RAL approval, Truvada PrEP (2012), CD4 < 500 guidelines",0,,0.0,0.0,True
B.US.2013.505_0390a.WG12.505_0390.109824.MG196745,B,US,United States,North America,2013,2013.5,Era 4: Modern Once-Daily / Early INSTI (2008-2014),"Atripla once-daily, RAL approval, Truvada PrEP (2012), CD4 < 500 guidelines",0,,0.0006184291898577613,0.0,True
B.AR.2014.DEMB14AR003.296605.102658.KY658685,B,AR,Argentina,Latin America & Caribbean,2014,2014.5,Era 4: Modern Once-Daily / Early INSTI (2008-2014),"Atripla once-daily, RAL approval, Truvada PrEP (2012), CD4 < 500 guidelines",0,,0.0,0.0,True
B.AR.2014.DEMB14AR012.303888.112628.MH078531,B,AR,Argentina,Latin America & Caribbean,2014,2014.5,Era 4: Modern Once-Daily / Early INSTI (2008-2014),"Atripla once-daily, RAL approval, Truvada PrEP (2012), CD4 < 500 guidelines",0,,0.0,0.0,True
B.BE.2014.AI.-.-.MN485979,B,BE,Belgium,Western Europe,2014,2014.5,Era 4: Modern Once-Daily / Early INSTI (2008-2014),"Atripla once-daily, RAL approval, Truvada PrEP (2012), CD4 < 500 guidelines",0,,0.0,0.0,True
B.BE.2014.CN.-.-.MN486036,B,BE,Belgium,Western Europe,2014,2014.5,Era 4: Modern Once-Daily / Early INSTI (2008-2014),"Atripla once-daily, RAL approval, Truvada PrEP (2012), CD4 < 500 guidelines",0,,0.0024737167594310453,0.0,True
B.ES.2014.ARP1195.ARP1195.82780.KT276255,B,ES,Spain,Western Europe,2014,2014.5,Era 4: Modern Once-Daily / Early INSTI (2008-2014),"Atripla once-daily, RAL approval, Truvada PrEP (2012), CD4 < 500 guidelines",0,,0.0006184291898577613,0.0,True
B.ES.2014.ARP1203.ARP1203.82791.KT276263,B,ES,Spain,Western Europe,2014,2014.5,Era 4: Modern Once-Daily / Early INSTI (2008-2014),"Atripla once-daily, RAL approval, Truvada PrEP (2012), CD4 < 500 guidelines",0,,0.0,0.0,True
B.ES.2014.ARP1204.ARP1204.82795.KT276264,B,ES,Spain,Western Europe,2014,2014.5,Era 4: Modern Once-Daily / Early INSTI (2008-2014),"Atripla once-daily, RAL approval, Truvada PrEP (2012), CD4 < 500 guidelines",0,,0.0012368583797155227,0.0,True
B.ES.2014.ARP1206.ARP1206.82792.KT276266,B,ES,Spain,Western Europe,2014,2014.5,Era 4: Modern Once-Daily / Early INSTI (2008-2014),"Atripla once-daily, RAL approval, Truvada PrEP (2012), CD4 < 500 guidelines",0,,0.0,0.0,True
B.GB.2014.14535_1_27.3.-.-.MF109524,B,GB,United Kingdom,Western Europe,2014,2014.5,Era 4: Modern Once-Daily / Early INSTI (2008-2014),"Atripla once-daily, RAL approval, Truvada PrEP (2012), CD4 < 500 guidelines",0,,0.0,0.0,True
B.GB.2014.14535_1_28.4.-.-.MF109525,B,GB,United Kingdom,Western Europe,2014,2014.5,Era 4: Modern Once-Daily / Early INSTI (2008-2014),"Atripla once-daily, RAL approval, Truvada PrEP (2012), CD4 < 500 guidelines",0,,0.0,0.0,True
B.GW.2014.DEMB14GW004.7053.112641.MH078546,B,GW,GW,Other,2014,2014.5,Era 4: Modern Once-Daily / Early INSTI (2008-2014),"Atripla once-daily, RAL approval, Truvada PrEP (2012), CD4 < 500 guidelines",1,RT_190A,0.0,0.0,True
B.ID.2014.PB27.-.-.MK303349,B,ID,ID,Other,2014,2014.5,Era 4: Modern Once-Daily / Early INSTI (2008-2014),"Atripla once-daily, RAL approval, Truvada PrEP (2012), CD4 < 500 guidelines",0,,0.0,0.0,True
B.ID.2014.PB44.-.-.MK303351,B,ID,ID,Other,2014,2014.5,Era 4: Modern Once-Daily / Early INSTI (2008-2014),"Atripla once-daily, RAL approval, Truvada PrEP (2012), CD4 < 500 guidelines",0,,0.0,0.0,True
B.ID.2014.SS26.-.-.MK303353,B,ID,ID,Other,2014,2014.5,Era 4: Modern Once-Daily / Early INSTI (2008-2014),"Atripla once-daily, RAL approval, Truvada PrEP (2012), CD4 < 500 guidelines",0,,0.0,0.0,True
B.PE.2014.DEMB14PE008.5217803113.112647.MH078553,B,PE,Peru,Latin America & Caribbean,2014,2014.5,Era 4: Modern Once-Daily / Early INSTI (2008-2014),"Atripla once-daily, RAL approval, Truvada PrEP (2012), CD4 < 500 guidelines",0,,0.0,0.0,True
B.PE.2014.DEMB14PE012.917807325.116072.MN703133,B,PE,Peru,Latin America & Caribbean,2014,2014.5,Era 4: Modern Once-Daily / Early INSTI (2008-2014),"Atripla once-daily, RAL approval, Truvada PrEP (2012), CD4 < 500 guidelines",0,,0.0,0.0,True
B.US.2014.2443.2443.91949.KX505419,B,US,United States,North America,2014,2014.5,Era 4: Modern Once-Daily / Early INSTI (2008-2014),"Atripla once-daily, RAL approval, Truvada PrEP (2012), CD4 < 500 guidelines",0,,0.0,0.0,True
B.AR.2015.DEMB15AR014.9690.112640.MH078533,B,AR,Argentina,Latin America & Caribbean,2015,2015.5,Era 5: Universal Treat-All / 2nd-Gen INSTI (2015-2023),"START/TEMPRANO universal treat-all, DTG/BIC first-line, TAF rollout, PrEP scale-up",0,,0.0,0.0,True
B.AR.2015.DEMB15AR013.304103.112632.MH078532,B,AR,Argentina,Latin America & Caribbean,2015,2015.5,Era 5: Universal Treat-All / 2nd-Gen INSTI (2015-2023),"START/TEMPRANO universal treat-all, DTG/BIC first-line, TAF rollout, PrEP scale-up",0,,0.0,0.0,True
B.ES.2015.100594.100594.103883.KY989951,B,ES,Spain,Western Europe,2015,2015.5,Era 5: Universal Treat-All / 2nd-Gen INSTI (2015-2023),"START/TEMPRANO universal treat-all, DTG/BIC first-line, TAF rollout, PrEP scale-up",0,,0.0024737167594310453,0.0,True
B.ES.2015.100_116.EUR0065.89088.KY465969,B,ES,Spain,Western Europe,2015,2015.5,Era 5: Universal Treat-All / 2nd-Gen INSTI (2015-2023),"START/TEMPRANO universal treat-all, DTG/BIC first-line, TAF rollout, PrEP scale-up",0,,0.0018552875695732839,0.0,True
B.ES.2015.100597.100597.103879.KY989949,B,ES,Spain,Western Europe,2015,2015.5,Era 5: Universal Treat-All / 2nd-Gen INSTI (2015-2023),"START/TEMPRANO universal treat-all, DTG/BIC first-line, TAF rollout, PrEP scale-up",0,,0.0,0.0,True
B.ES.2015.100598.100598.103880.KY989954,B,ES,Spain,Western Europe,2015,2015.5,Era 5: Universal Treat-All / 2nd-Gen INSTI (2015-2023),"START/TEMPRANO universal treat-all, DTG/BIC first-line, TAF rollout, PrEP scale-up",0,,0.0012368583797155227,0.0,True
B.ES.2015.100600.100600.103882.KY989956,B,ES,Spain,Western Europe,2015,2015.5,Era 5: Universal Treat-All / 2nd-Gen INSTI (2015-2023),"START/TEMPRANO universal treat-all, DTG/BIC first-line, TAF rollout, PrEP scale-up",0,,0.0,0.0,True
B.FR.2015.CHI2_1.CHI2.156557.OP994403,B,FR,France,Western Europe,2015,2015.5,Era 5: Universal Treat-All / 2nd-Gen INSTI (2015-2023),"START/TEMPRANO universal treat-all, DTG/BIC first-line, TAF rollout, PrEP scale-up",0,,0.0,0.0,True
B.FR.2015.CODb1_9.CODb1.156573.OP994768,B,FR,France,Western Europe,2015,2015.5,Era 5: Universal Treat-All / 2nd-Gen INSTI (2015-2023),"START/TEMPRANO universal treat-all, DTG/BIC first-line, TAF rollout, PrEP scale-up",0,,0.0,0.0,True
B.PE.2015.DEMB15PE001.217800565.116036.MN703134,B,PE,Peru,Latin America & Caribbean,2015,2015.5,Era 5: Universal Treat-All / 2nd-Gen INSTI (2015-2023),"START/TEMPRANO universal treat-all, DTG/BIC first-line, TAF rollout, PrEP scale-up",0,,0.0,0.0,True
B.PH.2015.DEMB15PH003.1003.102664.KY658690,B,PH,Philippines,Asia-Pacific,2015,2015.5,Era 5: Universal Treat-All / 2nd-Gen INSTI (2015-2023),"START/TEMPRANO universal treat-all, DTG/BIC first-line, TAF rollout, PrEP scale-up",0,,0.0,0.0,True
B.PH.2015.DEMB15PH002.1002.102647.KY658689,B,PH,Philippines,Asia-Pacific,2015,2015.5,Era 5: Universal Treat-All / 2nd-Gen INSTI (2015-2023),"START/TEMPRANO universal treat-all, DTG/BIC first-line, TAF rollout, PrEP scale-up",0,,0.0,0.0,True
B.RU.2015.RU_ERS_3020_2015.3020.119427.MZ427750,B,RU,Russia,Eastern Europe & Central Asia,2015,2015.5,Era 5: Universal Treat-All / 2nd-Gen INSTI (2015-2023),"START/TEMPRANO universal treat-all, DTG/BIC first-line, TAF rollout, PrEP scale-up",0,,0.0006184291898577613,0.0,True
B.RU.2015.RU_ERS_2994_2015.2994.119472.MZ427754,B,RU,Russia,Eastern Europe & Central Asia,2015,2015.5,Era 5: Universal Treat-All / 2nd-Gen INSTI (2015-2023),"START/TEMPRANO universal treat-all, DTG/BIC first-line, TAF rollout, PrEP scale-up",0,,0.0012368583797155227,0.0,True
B.RU.2015.RU_ERS_3013_2015.3013.119464.MZ427755,B,RU,Russia,Eastern Europe & Central Asia,2015,2015.5,Era 5: Universal Treat-All / 2nd-Gen INSTI (2015-2023),"START/TEMPRANO universal treat-all, DTG/BIC first-line, TAF rollout, PrEP scale-up",0,,0.0024737167594310453,0.0,True
B.SE.2015.101SE.pt101.104868.MF373203,B,SE,Sweden,Western Europe,2015,2015.5,Era 5: Universal Treat-All / 2nd-Gen INSTI (2015-2023),"START/TEMPRANO universal treat-all, DTG/BIC first-line, TAF rollout, PrEP scale-up",0,,0.0,0.0,True
B.SI.2015.Sample56_SI457.SI457.116865.MN736706,B,SI,Slovenia,Eastern Europe & Central Asia,2015,2015.5,Era 5: Universal Treat-All / 2nd-Gen INSTI (2015-2023),"START/TEMPRANO universal treat-all, DTG/BIC first-line, TAF rollout, PrEP scale-up",0,,0.0,0.0,True
B.TH.2015.2547627P000FL_Sa.7627.115283.MG989541,B,TH,Thailand,Asia-Pacific,2015,2015.5,Era 5: Universal Treat-All / 2nd-Gen INSTI (2015-2023),"START/TEMPRANO universal treat-all, DTG/BIC first-line, TAF rollout, PrEP scale-up",0,,0.0012368583797155227,0.0,True
B.TH.2015.2548419P000FL_Sh.8419.115078.MG989551,B,TH,Thailand,Asia-Pacific,2015,2015.5,Era 5: Universal Treat-All / 2nd-Gen INSTI (2015-2023),"START/TEMPRANO universal treat-all, DTG/BIC first-line, TAF rollout, PrEP scale-up",0,,0.0,0.0,True
B.BR.2016.7HU-UFRJ-2016.7HUUFRJ.116014.MK041562,B,BR,Brazil,Latin America & Caribbean,2016,2016.5,Era 5: Universal Treat-All / 2nd-Gen INSTI (2015-2023),"START/TEMPRANO universal treat-all, DTG/BIC first-line, TAF rollout, PrEP scale-up",0,,0.0,0.0,True
B.BR.2016.14HI-2016.14HI.115998.MK041573,B,BR,Brazil,Latin America & Caribbean,2016,2016.5,Era 5: Universal Treat-All / 2nd-Gen INSTI (2015-2023),"START/TEMPRANO universal treat-all, DTG/BIC first-line, TAF rollout, PrEP scale-up",0,,0.0006184291898577613,0.0,True
B.BR.2016.18HI-2016.18HI.116003.MK041584,B,BR,Brazil,Latin America & Caribbean,2016,2016.5,Era 5: Universal Treat-All / 2nd-Gen INSTI (2015-2023),"START/TEMPRANO universal treat-all, DTG/BIC first-line, TAF rollout, PrEP scale-up",0,,0.0,0.0,True
B.DE.2016.9255_W0_10D11_S65.9255.113237.MK116093,B,DE,Germany,Western Europe,2016,2016.5,Era 5: Universal Treat-All / 2nd-Gen INSTI (2015-2023),"START/TEMPRANO universal treat-all, DTG/BIC first-line, TAF rollout, PrEP scale-up",0,,0.0,0.0,True
B.GB.2016.DEMB16UK018.ST053.116029.MT222951,B,GB,United Kingdom,Western Europe,2016,2016.5,Era 5: Universal Treat-All / 2nd-Gen INSTI (2015-2023),"START/TEMPRANO universal treat-all, DTG/BIC first-line, TAF rollout, PrEP scale-up",2,RT_101E;RT_190A,0.0,0.0,True
B.ID.2016.MN17.MN17.113393.MK303355,B,ID,ID,Other,2016,2016.5,Era 5: Universal Treat-All / 2nd-Gen INSTI (2015-2023),"START/TEMPRANO universal treat-all, DTG/BIC first-line, TAF rollout, PrEP scale-up",0,,0.0,0.0,True
B.PE.2016.DEMB16PE003.217810197.112637.MH078554,B,PE,Peru,Latin America & Caribbean,2016,2016.5,Era 5: Universal Treat-All / 2nd-Gen INSTI (2015-2023),"START/TEMPRANO universal treat-all, DTG/BIC first-line, TAF rollout, PrEP scale-up",0,,0.0,0.0,True
B.PE.2016.DEMB16PE009.5217806734.112648.MH078555,B,PE,Peru,Latin America & Caribbean,2016,2016.5,Era 5: Universal Treat-All / 2nd-Gen INSTI (2015-2023),"START/TEMPRANO universal treat-all, DTG/BIC first-line, TAF rollout, PrEP scale-up",0,,0.0,0.0,True
B.PH.2016.1022.1022.115602.MH327757,B,PH,Philippines,Asia-Pacific,2016,2016.5,Era 5: Universal Treat-All / 2nd-Gen INSTI (2015-2023),"START/TEMPRANO universal treat-all, DTG/BIC first-line, TAF rollout, PrEP scale-up",0,,0.0,0.0,True
B.SI.2016.Sample12_SI159.-.-.MN736698,B,SI,Slovenia,Eastern Europe & Central Asia,2016,2016.5,Era 5: Universal Treat-All / 2nd-Gen INSTI (2015-2023),"START/TEMPRANO universal treat-all, DTG/BIC first-line, TAF rollout, PrEP scale-up",0,,0.0,0.0,True
B.SI.2016.Sample65_SI497.SI497.116866.MN736707,B,SI,Slovenia,Eastern Europe & Central Asia,2016,2016.5,Era 5: Universal Treat-All / 2nd-Gen INSTI (2015-2023),"START/TEMPRANO universal treat-all, DTG/BIC first-line, TAF rollout, PrEP scale-up",0,,0.0,0.0,True
B.US.2016.2454_TM_58.2454.91945.MZ922531,B,US,United States,North America,2016,2016.5,Era 5: Universal Treat-All / 2nd-Gen INSTI (2015-2023),"START/TEMPRANO universal treat-all, DTG/BIC first-line, TAF rollout, PrEP scale-up",0,,0.0,0.0,True
B.ES.2017.LTNP_3_127GC.LTNP3.27068.MN055643,B,ES,Spain,Western Europe,2017,2017.5,Era 5: Universal Treat-All / 2nd-Gen INSTI (2015-2023),"START/TEMPRANO universal treat-all, DTG/BIC first-line, TAF rollout, PrEP scale-up",0,,0.0,0.0,True
B.RU.2017.RU_ERS_3136_2017.3136.119424.MZ427763,B,RU,Russia,Eastern Europe & Central Asia,2017,2017.5,Era 5: Universal Treat-All / 2nd-Gen INSTI (2015-2023),"START/TEMPRANO universal treat-all, DTG/BIC first-line, TAF rollout, PrEP scale-up",0,,0.0055658627087198514,0.0,True
B.AU.2018.PRA011_PB_PD1posCTLA4neg_7.PRA011.156618.OP701563,B,AU,Australia,Asia-Pacific,2018,2018.5,Era 5: Universal Treat-All / 2nd-Gen INSTI (2015-2023),"START/TEMPRANO universal treat-all, DTG/BIC first-line, TAF rollout, PrEP scale-up",0,,0.0,0.0,True
B.RU.2018.RU_ERS_2631_2018.2631.119452.MZ427699,B,RU,Russia,Eastern Europe & Central Asia,2018,2018.5,Era 5: Universal Treat-All / 2nd-Gen INSTI (2015-2023),"START/TEMPRANO universal treat-all, DTG/BIC first-line, TAF rollout, PrEP scale-up",0,,0.0055658627087198514,0.0,True
B.RU.2018.RU_ERS_3196_2018.3196.119430.MZ427768,B,RU,Russia,Eastern Europe & Central Asia,2018,2018.5,Era 5: Universal Treat-All / 2nd-Gen INSTI (2015-2023),"START/TEMPRANO universal treat-all, DTG/BIC first-line, TAF rollout, PrEP scale-up",0,,0.0006184291898577613,0.0,True
B.RU.2018.RU_ERS_3287_2018.3287.119492.MZ427772,B,RU,Russia,Eastern Europe & Central Asia,2018,2018.5,Era 5: Universal Treat-All / 2nd-Gen INSTI (2015-2023),"START/TEMPRANO universal treat-all, DTG/BIC first-line, TAF rollout, PrEP scale-up",0,,0.0024737167594310453,0.0,True
B.US.2018.UNC_412_PL3_F14.UNC_412.115590.MW063100,B,US,United States,North America,2018,2018.5,Era 5: Universal Treat-All / 2nd-Gen INSTI (2015-2023),"START/TEMPRANO universal treat-all, DTG/BIC first-line, TAF rollout, PrEP scale-up",0,,0.0,0.0,True
B.CN.2019.B19061.B19061.121915.MW728275,B,CN,China,Asia-Pacific,2019,2019.5,Era 5: Universal Treat-All / 2nd-Gen INSTI (2015-2023),"START/TEMPRANO universal treat-all, DTG/BIC first-line, TAF rollout, PrEP scale-up",0,,0.0037105751391465678,0.0,True
B.US.2019.ROMA.NFL.THD.C11.ROMA.124799.OL519774,B,US,United States,North America,2019,2019.5,Era 5: Universal Treat-All / 2nd-Gen INSTI (2015-2023),"START/TEMPRANO universal treat-all, DTG/BIC first-line, TAF rollout, PrEP scale-up",0,,0.0,0.0,True
B.US.2019.02-MB-PL5-A13.p02.124810.OM203601,B,US,United States,North America,2019,2019.5,Era 5: Universal Treat-All / 2nd-Gen INSTI (2015-2023),"START/TEMPRANO universal treat-all, DTG/BIC first-line, TAF rollout, PrEP scale-up",0,,0.0,0.0,True
B.US.2019.5117-WK26-PL12-E17.5117.124905.OM204675,B,US,United States,North America,2019,2019.5,Era 5: Universal Treat-All / 2nd-Gen INSTI (2015-2023),"START/TEMPRANO universal treat-all, DTG/BIC first-line, TAF rollout, PrEP scale-up",0,,0.0,0.0,True
B.GH.2020.KBH48-GH.KBH48.156626.OQ121879,B,GH,Ghana,Sub-Saharan Africa,2020,2020.5,Era 5: Universal Treat-All / 2nd-Gen INSTI (2015-2023),"START/TEMPRANO universal treat-all, DTG/BIC first-line, TAF rollout, PrEP scale-up",0,,0.0,0.0,True
B.BE.2021.MRC011_Cluster13_size-3_count-1.-.-.OR246335,B,BE,Belgium,Western Europe,2021,2021.5,Era 5: Universal Treat-All / 2nd-Gen INSTI (2015-2023),"START/TEMPRANO universal treat-all, DTG/BIC first-line, TAF rollout, PrEP scale-up",0,,0.0,0.0,True
B.BE.2021.MRC004_Cluster33_size-6_count-1.-.-.OR246646,B,BE,Belgium,Western Europe,2021,2021.5,Era 5: Universal Treat-All / 2nd-Gen INSTI (2015-2023),"START/TEMPRANO universal treat-all, DTG/BIC first-line, TAF rollout, PrEP scale-up",0,,0.0,0.0,True
